,DATE,DailyAverageWindSpeed,DailyPrecipitation
0,2009-01-01,11.04,0.0
1,2009-01-02,6.81,0.0
2,2009-01-03,9.88,0.0
3,2009-01-04,7.37,0.0
4,2009-01-05,6.93,0.0
5,2009-01-06,7.14,0.004
6,2009-01-07,9.84,0.046666667
7,2009-01-08,11.19,0.0
8,2009-01-09,9.58,0.0
9,2009-01-10,7.85,0.007735849
10,2009-01-11,7.19,0.013421053
11,2009-01-12,6.22,0.0
12,2009-01-13,4.9,0.0
13,2009-01-14,8.77,0.0
14,2009-01-15,7.56,0.0023809525
15,2009-01-16,8.83,0.0
16,2009-01-17,5.44,0.4996
17,2009-01-18,5.56,0.122727275
18,2009-01-19,2.73,0.0
19,2009-01-20,6.0,0.0
20,2009-01-21,8.29,0.0
21,2009-01-22,6.75,0.0
22,2009-01-23,5.04,0.0
23,2009-01-24,11.25,0.0
24,2009-01-25,6.38,0.0
25,2009-01-26,5.08,0.0
26,2009-01-27,4.42,0.0
27,2009-01-28,8.56,0.03390625
28,2009-01-29,8.38,0.0
29,2009-01-30,6.58,0.0
30,2009-01-31,8.33,0.0
31,2009-02-01,7.54,0.0
32,2009-02-02,5.08,0.0
33,2009-02-03,8.02,0.009433962
34,2009-02-04,7.67,0.0
35,2009-02-05,9.67,0.0
36,2009-02-06,5.42,0.0
37,2009-02-07,3.75,0.0
38,2009-02-08,9.62,0.0
39,2009-02-09,5.92,0.0
40,2009-02-10,4.0,0.0
41,2009-02-11,4.67,0.0008
42,2009-02-12,12.88,0.013333334
43,2009-02-13,12.36,0.0
44,2009-02-14,6.29,0.0
45,2009-02-15,7.21,0.0
46,2009-02-16,5.46,0.0
47,2009-02-17,4.92,0.0
48,2009-02-18,6.09,0.012857143
49,2009-02-19,9.0,0.00035714285
50,2009-02-20,13.46,0.0
51,2009-02-21,7.46,0.0
52,2009-02-22,7.56,0.003076923
53,2009-02-23,13.57,0.0
54,2009-02-24,9.5,0.0
55,2009-02-25,4.29,0.0
56,2009-02-26,4.88,0.0
57,2009-02-27,7.92,0.0016
58,2009-02-28,9.07,0.0
59,2009-03-01,10.21,0.007941176
60,2009-03-02,11.42,0.019565217
61,2009-03-03,11.54,0.0
62,2009-03-04,5.92,0.0
63,2009-03-05,4.08,0.0
64,2009-03-06,8.12,0.00041666668
65,2009-03-07,4.54,0.0
66,2009-03-08,7.21,0.0
67,2009-03-09,7.81,0.0039473684
68,2009-03-10,5.09,0.00058823527
69,2009-03-11,7.22,0.0
70,2009-03-12,9.08,0.0
71,2009-03-13,6.17,0.0
72,2009-03-14,5.0,0.0
73,2009-03-15,2.33,0.0
74,2009-03-16,6.25,0.0
75,2009-03-17,6.07,0.0
76,2009-03-18,8.04,0.0
77,2009-03-19,4.45,0.005
78,2009-03-20,7.08,0.0031578948
79,2009-03-21,6.67,0.0
80,2009-03-22,8.46,0.0
81,2009-03-23,8.83,0.0
82,2009-03-24,8.12,0.0
83,2009-03-25,5.54,0.0
84,2009-03-26,4.42,0.0125
85,2009-03-27,4.29,0.0
86,2009-03-28,8.24,0.0011764705
87,2009-03-29,7.78,0.011346154
88,2009-03-30,11.88,0.0
89,2009-03-31,7.21,0.0
90,2009-04-01,6.89,0.014666666
91,2009-04-02,4.88,0.00047619047
92,2009-04-03,8.15,0.030666666
93,2009-04-04,14.58,0.0
94,2009-04-05,7.62,0.0
95,2009-04-06,6.91,0.029347826
96,2009-04-07,9.58,0.0
97,2009-04-08,6.76,0.0
98,2009-04-09,4.83,0.0
99,2009-04-10,5.78,0.0
100,2009-04-11,9.0,0.024358975
101,2009-04-12,9.92,0.0
102,2009-04-13,6.5,0.0
103,2009-04-14,9.47,0.0058064517
104,2009-04-15,9.89,0.007931034
105,2009-04-16,6.67,0.0
106,2009-04-17,3.75,0.0
107,2009-04-18,4.75,0.0
108,2009-04-19,8.0,0.0
109,2009-04-20,12.67,0.08295455
110,2009-04-21,6.93,0.0026086958
111,2009-04-22,5.26,0.0017857143
112,2009-04-23,8.46,0.0
113,2009-04-24,3.96,0.0
114,2009-04-25,4.29,0.0
115,2009-04-26,4.12,0.0
116,2009-04-27,6.25,0.0
117,2009-04-28,8.88,0.0
118,2009-04-29,7.42,0.0
119,2009-04-30,4.62,0.0
120,2009-05-01,6.31,0.021666666
121,2009-05-02,5.53,0.003939394
122,2009-05-03,2.95,0.012424243
123,2009-05-04,4.73,0.011875
124,2009-05-05,9.42,0.010909091
125,2009-05-06,5.1,0.0446
126,2009-05-07,3.52,0.06290909
127,2009-05-08,3.12,0.0
128,2009-05-09,3.57,0.047674417
129,2009-05-10,10.08,0.0
130,2009-05-11,4.39,0.0
131,2009-05-12,3.29,0.0
132,2009-05-13,5.25,0.0
133,2009-05-14,7.54,0.002
134,2009-05-15,3.67,0.0
135,2009-05-16,4.62,0.0063265306
136,2009-05-17,4.71,0.0033333334
137,2009-05-18,5.29,0.0
138,2009-05-19,4.25,0.0
139,2009-05-20,4.44,0.0
140,2009-05-21,6.63,0.0
141,2009-05-22,6.42,0.0
142,2009-05-23,6.33,0.0
143,2009-05-26,7.94,0.0
144,2009-05-27,2.72,0.0
145,2009-05-28,0.91,0.0010714285
146,2009-05-29,1.51,0.024166666
147,2009-05-30,0.0,0.0
148,2009-05-31,9.6,0.0
149,2009-06-01,5.12,0.0
150,2009-06-02,4.07,0.006071429
151,2009-06-03,3.69,0.025135135
152,2009-06-04,2.86,0.0275
153,2009-06-05,7.79,0.02825
154,2009-06-06,2.54,0.0
155,2009-06-07,4.29,0.0
156,2009-06-08,5.88,0.00076923077
157,2009-06-09,4.87,0.07571428
158,2009-06-10,6.38,0.00083333335
159,2009-06-11,6.68,0.004888889
160,2009-06-12,3.0,0.05159091
161,2009-06-13,4.69,0.0056666667
162,2009-06-14,5.1,0.0006451613
163,2009-06-15,3.85,0.04425
164,2009-06-16,5.88,0.0
165,2009-06-17,4.78,0.0
166,2009-06-18,6.08,0.07507463
167,2009-06-19,2.55,0.0
168,2009-06-20,4.21,0.014090909
169,2009-06-21,6.4,0.027209302
170,2009-06-22,7.29,0.0
171,2009-06-23,4.78,0.0
172,2009-06-24,3.19,0.013409091
173,2009-06-25,2.2,0.0
174,2009-06-26,3.93,0.010666667
175,2009-06-28,4.56,0.0
176,2009-06-29,5.29,0.0
177,2009-06-30,4.07,0.05840909
178,2009-07-01,4.93,0.0
179,2009-07-02,4.53,0.022857143
180,2009-07-03,5.12,0.0
181,2009-07-04,7.17,0.0
182,2009-07-05,4.5,0.0
183,2009-07-06,3.75,0.0
184,2009-07-07,4.69,0.006666667
185,2009-07-08,4.92,0.0
186,2009-07-09,7.85,0.0
187,2009-07-10,4.42,0.0
188,2009-07-11,5.9,0.03
189,2009-07-12,4.64,0.0024444445
190,2009-07-13,3.12,0.0
191,2009-07-14,5.04,0.0
192,2009-07-15,3.54,0.0
193,2009-07-16,4.92,0.0
194,2009-07-17,4.58,0.015405405
195,2009-07-18,5.46,0.00225
196,2009-07-19,4.83,0.0
197,2009-07-20,4.46,0.0
198,2009-07-21,6.06,0.04109091
199,2009-07-22,2.69,0.0
200,2009-07-23,7.34,0.0133898305
201,2009-07-24,4.68,0.0027586208
202,2009-07-25,4.88,0.0
203,2009-07-26,5.37,0.09772728
204,2009-07-27,4.03,0.04868421
205,2009-07-28,2.96,0.0
206,2009-07-29,4.84,0.1076
207,2009-07-30,5.33,0.0
208,2009-07-31,4.64,0.038444445
209,2009-08-01,4.29,0.0
210,2009-08-02,5.32,0.059019607
211,2009-08-03,2.58,0.0
212,2009-08-04,4.33,0.0
213,2009-08-05,4.21,0.0
214,2009-08-06,2.83,0.0
215,2009-08-07,4.83,0.0
216,2009-08-08,4.83,0.0
217,2009-08-09,3.87,0.00025
218,2009-08-10,5.87,0.05032258
219,2009-08-11,4.62,0.0
220,2009-08-12,6.53,0.0
221,2009-08-13,5.78,0.00054054055
222,2009-08-14,2.7,0.0
223,2009-08-15,3.17,0.0
224,2009-08-16,3.33,0.0
225,2009-08-17,3.88,0.0
226,2009-08-18,5.68,0.125
227,2009-08-19,4.08,0.0
228,2009-08-20,3.12,0.0
229,2009-08-21,5.71,0.013428572
230,2009-08-22,3.4,0.032916665
231,2009-08-23,2.56,0.00057142857
232,2009-08-24,3.21,0.0
233,2009-08-25,3.54,0.0
234,2009-08-26,5.5,0.0012
235,2009-08-27,3.64,0.0
236,2009-08-28,5.13,0.020851064
237,2009-08-29,5.15,0.015892858
238,2009-08-30,4.87,0.0
239,2009-08-31,5.26,0.0
240,2009-09-01,3.83,0.0
241,2009-09-02,2.29,0.0
242,2009-09-03,3.5,0.0
243,2009-09-04,3.96,0.0
244,2009-09-05,3.54,0.0
245,2009-09-06,8.79,0.0
246,2009-09-07,4.52,0.0
247,2009-09-08,1.74,0.0
248,2009-09-09,8.27,0.0
249,2009-09-10,12.54,0.0
250,2009-09-11,14.3,0.044814814
251,2009-09-12,5.37,0.00083333335
252,2009-09-13,4.3,0.0
253,2009-09-14,4.92,0.0
254,2009-09-15,4.12,0.0
255,2009-09-16,10.09,0.0
256,2009-09-17,6.21,0.00066666666
257,2009-09-18,5.76,0.0
258,2009-09-19,3.91,0.0
259,2009-09-20,3.57,0.0
260,2009-09-21,4.35,0.0
261,2009-09-22,3.0,0.0
262,2009-09-23,5.54,0.0
263,2009-09-24,4.52,0.0010714285
264,2009-09-25,7.38,0.0
265,2009-09-26,5.52,0.009375
266,2009-09-27,4.39,0.03548387
267,2009-09-28,6.81,0.013703704
268,2009-09-29,7.21,0.0
269,2009-09-30,7.75,0.0
270,2009-10-01,5.08,0.0
271,2009-10-02,5.21,0.0034482758
272,2009-10-03,2.8,0.014615385
273,2009-10-04,2.9,0.0
274,2009-10-05,7.21,0.0
275,2009-10-06,4.46,0.0
276,2009-10-07,9.93,0.009666666
277,2009-10-08,5.65,0.0
278,2009-10-09,4.04,0.0014814815
279,2009-10-10,4.84,0.0
280,2009-10-11,5.62,0.0
281,2009-10-12,2.62,0.0
282,2009-10-13,6.11,0.0
283,2009-10-14,2.79,0.0
284,2009-10-15,11.07,0.02137931
285,2009-10-16,9.04,0.002142857
286,2009-10-17,9.32,0.0013793104
287,2009-10-18,9.35,0.0103125
288,2009-10-19,4.04,0.0
289,2009-10-20,3.75,0.0
290,2009-10-21,1.08,0.0
291,2009-10-22,6.25,0.0
292,2009-10-23,9.34,0.0056666667
293,2009-10-24,6.38,0.1016129
294,2009-10-25,6.08,0.0
295,2009-10-26,4.5,0.0
296,2009-10-27,7.16,0.02736842
297,2009-10-28,8.7,0.040588234
298,2009-10-29,5.21,0.0
299,2009-10-30,5.84,0.0
300,2009-10-31,6.45,0.009555556
301,2009-11-01,6.12,0.00041666668
302,2009-11-02,8.32,0.0
303,2009-11-03,4.88,0.0
304,2009-11-04,4.87,0.0
305,2009-11-05,4.33,0.0
306,2009-11-06,7.04,0.0
307,2009-11-07,4.96,0.0
308,2009-11-08,2.54,0.0
309,2009-11-09,4.0,0.0
310,2009-11-10,4.62,0.0
311,2009-11-11,10.83,0.0
312,2009-11-12,14.25,0.0028
313,2009-11-13,15.72,0.0011538462
314,2009-11-14,6.05,0.015357143
315,2009-11-15,2.75,0.0012121212
316,2009-11-16,5.17,0.0
317,2009-11-17,7.29,0.0
318,2009-11-18,7.35,0.0
319,2009-11-19,6.72,0.005106383
320,2009-11-20,6.72,0.046363637
321,2009-11-21,4.71,0.0
322,2009-11-22,7.04,0.0
323,2009-11-23,10.26,0.0
324,2009-11-24,7.5,0.0
325,2009-11-25,4.76,0.0026190476
326,2009-11-26,3.51,0.0
327,2009-11-27,8.97,0.0
328,2009-11-28,11.5,0.0
329,2009-11-29,5.17,0.0
330,2009-11-30,6.69,0.015333333
331,2009-12-01,7.0,0.0
332,2009-12-02,5.5,0.026774194
333,2009-12-03,10.75,0.054242425
334,2009-12-04,5.44,0.0
335,2009-12-05,7.71,0.031944446
336,2009-12-06,7.31,0.0
337,2009-12-07,4.54,0.0
338,2009-12-08,7.42,0.0
339,2009-12-09,8.41,0.05319149
340,2009-12-10,11.56,0.0
341,2009-12-11,12.65,0.0
342,2009-12-12,7.5,0.0
343,2009-12-13,6.5,0.048139535
344,2009-12-14,5.61,0.0
345,2009-12-15,6.73,0.0
346,2009-12-16,10.83,0.0
347,2009-12-17,11.5,0.0
348,2009-12-18,5.42,0.0
349,2009-12-19,10.93,0.020487804
350,2009-12-20,9.09,0.015555556
351,2009-12-21,10.75,0.0
352,2009-12-22,9.17,0.0
353,2009-12-23,9.58,0.0
354,2009-12-24,5.4,0.0
355,2009-12-25,9.87,0.012580645
356,2009-12-26,11.94,0.06117647
357,2009-12-27,7.72,0.0195
358,2009-12-28,8.96,0.0
359,2009-12-29,14.21,0.0
360,2009-12-30,5.67,0.0
361,2009-12-31,3.62,0.011
0,2010-01-01,3.25,0.0012195122
1,2010-01-02,12.27,0.0
2,2010-01-03,14.43,0.0
3,2010-01-04,10.54,0.0
4,2010-01-05,9.58,0.0
5,2010-01-06,9.5,0.0
6,2010-01-07,8.58,0.0
7,2010-01-08,7.44,0.00086956524
8,2010-01-09,8.83,0.0
9,2010-01-10,7.0,0.0
10,2010-01-11,7.25,0.0
11,2010-01-12,9.21,0.0
12,2010-01-13,7.88,0.0
13,2010-01-14,3.46,0.0
14,2010-01-15,7.75,0.0
15,2010-01-16,6.42,0.0
16,2010-01-17,2.72,0.027567567
17,2010-01-18,13.0,0.0
18,2010-01-19,4.25,0.0
19,2010-01-20,5.85,0.0
20,2010-01-21,3.04,0.0
21,2010-01-22,6.5,0.0
22,2010-01-23,3.0,0.0
23,2010-01-24,2.2,0.0007142857
24,2010-01-25,3.5,0.0052
25,2010-01-26,8.65,0.0
26,2010-01-27,6.92,0.0
27,2010-01-28,8.06,0.0044444446
28,2010-01-29,11.67,0.0
29,2010-01-30,8.88,0.0
30,2010-01-31,6.33,0.0
31,2010-02-01,8.04,0.0
32,2010-02-02,4.37,0.0014285714
33,2010-02-03,5.44,0.00275
34,2010-02-04,8.83,0.0
35,2010-02-05,4.71,0.0
36,2010-02-06,14.75,0.0
37,2010-02-07,10.04,0.0
38,2010-02-08,9.67,0.0
39,2010-02-09,5.25,0.0
40,2010-02-10,12.12,0.040816326
41,2010-02-11,11.71,0.0
42,2010-02-12,8.33,0.0
43,2010-02-13,8.71,0.0
44,2010-02-14,9.04,0.0
45,2010-02-15,7.06,0.0
46,2010-02-16,5.41,0.012666667
47,2010-02-17,8.12,0.0
48,2010-02-18,9.71,0.0
49,2010-02-19,11.42,0.0
50,2010-02-20,8.0,0.0
51,2010-02-21,9.46,0.0
52,2010-02-22,6.32,0.0011538462
53,2010-02-23,13.67,0.04326087
54,2010-02-24,7.86,0.0154
55,2010-02-25,2.96,0.06282609
56,2010-02-26,0.96,0.0064285714
57,2010-02-27,4.46,0.0
58,2010-02-28,4.07,0.0
59,2010-03-01,9.75,0.0
60,2010-03-02,5.08,0.00076923077
61,2010-03-03,10.31,0.0021212122
62,2010-03-04,7.88,0.0
63,2010-03-05,7.56,0.0
64,2010-03-06,7.08,0.0
65,2010-03-07,7.12,0.0
66,2010-03-08,7.21,0.0
67,2010-03-09,4.46,0.0
68,2010-03-10,4.96,0.0
69,2010-03-11,9.21,0.0
70,2010-03-12,12.61,0.009310345
71,2010-03-13,22.47,0.1336
72,2010-03-14,14.16,0.008484849
73,2010-03-15,10.87,0.015625
74,2010-03-16,7.68,0.0
75,2010-03-17,2.46,0.0
76,2010-03-18,3.29,0.0
77,2010-03-19,3.38,0.0
78,2010-03-20,5.0,0.0
79,2010-03-21,6.5,0.0
80,2010-03-22,5.71,0.05
81,2010-03-23,5.98,0.005740741
82,2010-03-24,11.58,0.0
83,2010-03-25,4.25,0.0
84,2010-03-26,10.06,0.0052941176
85,2010-03-27,7.75,0.0
86,2010-03-28,7.97,0.014117647
87,2010-03-29,6.03,0.047941178
88,2010-03-30,10.86,0.0734375
89,2010-03-31,6.08,0.00027027028
90,2010-04-01,4.67,0.0
91,2010-04-02,4.46,0.0
92,2010-04-03,4.93,0.0
93,2010-04-04,2.84,0.0
94,2010-04-05,6.38,0.0
95,2010-04-06,4.22,0.0
96,2010-04-07,7.04,0.0
97,2010-04-08,6.17,0.0
98,2010-04-09,6.56,0.016666668
99,2010-04-10,9.83,0.0
100,2010-04-11,6.83,0.0
101,2010-04-12,5.33,0.0
102,2010-04-13,4.78,0.0
103,2010-04-14,5.08,0.0
104,2010-04-15,6.78,0.0
105,2010-04-16,6.24,0.022368422
106,2010-04-17,4.77,0.0005
107,2010-04-18,7.12,0.0
108,2010-04-19,7.0,0.0
109,2010-04-20,5.13,0.0
110,2010-04-21,6.88,0.0012
111,2010-04-22,6.08,0.0
112,2010-04-23,6.39,0.0
113,2010-04-24,5.62,0.0
114,2010-04-25,6.12,0.059827585
115,2010-04-26,7.67,0.032682925
116,2010-04-27,5.83,0.0026829268
117,2010-04-28,9.78,0.0
118,2010-04-29,8.79,0.0
119,2010-04-30,5.17,0.0
120,2010-05-01,4.08,0.0
121,2010-05-02,5.42,0.0
122,2010-05-03,4.36,0.0935
123,2010-05-04,5.5,0.0
124,2010-05-05,5.08,0.0
125,2010-05-06,7.29,0.0
126,2010-05-07,5.04,0.0
127,2010-05-08,9.04,0.0014285714
128,2010-05-09,11.21,0.0
129,2010-05-10,8.12,0.0
130,2010-05-11,3.26,0.00083333335
131,2010-05-12,7.42,0.016590908
132,2010-05-13,4.69,0.0
133,2010-05-14,6.53,0.0032258064
134,2010-05-15,7.42,0.0
135,2010-05-16,4.29,0.0
136,2010-05-17,2.75,0.0
137,2010-05-18,9.44,0.03909091
138,2010-05-19,4.39,0.0
139,2010-05-20,2.96,0.0
140,2010-05-21,5.08,0.0
141,2010-05-22,6.4,0.0
142,2010-05-23,7.94,0.0
143,2010-05-24,5.73,0.0017647059
144,2010-05-25,3.42,0.0
145,2010-05-26,4.62,0.0
146,2010-05-27,6.68,0.001875
147,2010-05-28,2.92,0.0
148,2010-05-29,5.84,0.0
149,2010-05-30,5.71,0.0
150,2010-05-31,3.71,0.0
151,2010-06-01,4.72,0.0
152,2010-06-02,3.42,0.0
153,2010-06-03,4.58,0.0
154,2010-06-04,3.96,0.0
155,2010-06-05,7.42,0.0
156,2010-06-06,8.57,0.0016666667
157,2010-06-07,6.82,0.0
158,2010-06-08,5.29,0.0
159,2010-06-09,5.53,0.04478261
160,2010-06-10,2.67,0.01638298
161,2010-06-11,4.33,0.0
162,2010-06-12,4.96,0.0
163,2010-06-13,5.89,0.018214285
164,2010-06-14,1.64,0.0006976744
165,2010-06-15,5.46,0.0
166,2010-06-16,4.74,0.0
167,2010-06-17,6.83,0.028378379
168,2010-06-18,3.38,0.0
169,2010-06-19,4.83,0.0
170,2010-06-20,3.88,0.0
171,2010-06-21,3.75,0.0
172,2010-06-22,3.4,0.029722223
173,2010-06-23,6.08,0.0
174,2010-06-24,6.38,0.0
175,2010-06-25,4.75,0.0
176,2010-06-26,3.54,0.0
177,2010-06-27,3.88,0.0
178,2010-06-28,7.0,0.0004
179,2010-06-29,6.5,0.0
180,2010-06-30,5.88,0.0
181,2010-07-01,6.12,0.0
182,2010-07-02,5.08,0.0
183,2010-07-03,3.17,0.0
184,2010-07-04,5.54,0.0
185,2010-07-05,3.08,0.0
186,2010-07-06,3.38,0.0
187,2010-07-07,4.71,0.0
188,2010-07-08,3.84,0.0
189,2010-07-09,5.32,0.0017948718
190,2010-07-10,4.43,0.0
191,2010-07-11,3.92,0.0
192,2010-07-12,4.28,0.0
193,2010-07-13,5.8,0.043454546
194,2010-07-14,4.89,0.03125
195,2010-07-15,5.55,0.0
196,2010-07-16,4.79,0.0
197,2010-07-17,5.42,0.0
198,2010-07-18,5.5,0.0
199,2010-07-19,3.1,0.0125
200,2010-07-20,3.42,0.0
201,2010-07-21,4.25,0.0
202,2010-07-22,6.58,0.0
203,2010-07-23,1.69,0.061944444
204,2010-07-24,5.39,0.0
205,2010-07-25,5.16,0.0309375
206,2010-07-26,6.38,0.0
207,2010-07-27,4.35,0.0
208,2010-07-28,6.46,0.0
209,2010-07-29,5.48,0.0052941176
210,2010-07-30,4.96,0.0
211,2010-07-31,4.92,0.0
212,2010-08-01,3.46,0.0
213,2010-08-02,4.6,0.0
214,2010-08-03,7.08,0.0
215,2010-08-04,5.25,0.0
216,2010-08-05,6.54,0.0006896552
217,2010-08-06,4.92,0.0
218,2010-08-07,3.58,0.0
219,2010-08-08,6.67,0.0
220,2010-08-09,5.88,0.0
221,2010-08-10,3.29,0.0
222,2010-08-11,5.12,0.0
223,2010-08-12,5.96,0.0032142857
224,2010-08-13,7.33,0.0
225,2010-08-14,5.42,0.0
226,2010-08-15,5.09,0.00939394
227,2010-08-16,4.25,0.008275862
228,2010-08-17,3.04,0.0
229,2010-08-18,4.46,0.0
230,2010-08-19,2.35,0.0
231,2010-08-20,5.42,0.0
232,2010-08-21,5.22,0.0
233,2010-08-22,5.57,0.06623377
234,2010-08-23,7.49,0.059423078
235,2010-08-24,9.71,0.0010344827
236,2010-08-25,4.0,0.058421053
237,2010-08-26,5.54,0.0
238,2010-08-27,4.12,0.0
239,2010-08-28,3.54,0.0
240,2010-08-29,3.38,0.0
241,2010-08-30,3.46,0.0
242,2010-08-31,3.5,0.0
243,2010-09-01,3.12,0.0
244,2010-09-02,6.17,0.0
245,2010-09-03,6.86,0.0
246,2010-09-04,10.28,0.0
247,2010-09-05,5.12,0.0
248,2010-09-06,4.12,0.0
249,2010-09-07,6.38,0.0
250,2010-09-08,8.12,0.0
251,2010-09-09,6.92,0.0
252,2010-09-10,5.62,0.0
253,2010-09-11,5.42,0.0
254,2010-09-12,6.18,0.00575
255,2010-09-13,3.33,0.006744186
256,2010-09-14,4.73,0.0
257,2010-09-15,6.0,0.0
258,2010-09-16,5.57,0.023157895
259,2010-09-17,4.32,0.0028571428
260,2010-09-18,3.41,0.0
261,2010-09-19,2.52,0.0
262,2010-09-20,6.77,0.0
263,2010-09-21,5.0,0.0
264,2010-09-22,5.88,0.011923077
265,2010-09-23,4.72,0.0
266,2010-09-24,3.52,0.0
267,2010-09-25,6.96,0.0
268,2010-09-26,8.64,0.0
269,2010-09-27,0.58,0.058367345
270,2010-09-28,6.26,0.0005
271,2010-09-29,4.29,0.0
272,2010-09-30,7.13,0.05625
273,2010-10-01,6.54,0.0176
274,2010-10-02,4.12,0.0
275,2010-10-03,11.25,0.0012
276,2010-10-04,9.27,0.025
277,2010-10-05,7.44,0.0
278,2010-10-06,5.54,0.0
279,2010-10-07,7.59,0.0
280,2010-10-08,6.38,0.0
281,2010-10-09,5.5,0.0
282,2010-10-10,4.12,0.0
283,2010-10-11,2.74,0.07564103
284,2010-10-12,3.67,0.0041860463
285,2010-10-13,4.46,0.0
286,2010-10-14,2.69,0.03625
287,2010-10-15,9.91,0.0009090909
288,2010-10-16,10.5,0.0
289,2010-10-17,5.25,0.0
290,2010-10-18,5.75,0.00083333335
291,2010-10-19,2.37,0.00096774194
292,2010-10-20,3.75,0.0
293,2010-10-21,7.15,0.00028571428
294,2010-10-22,7.54,0.0
295,2010-10-23,5.12,0.0
296,2010-10-24,3.29,0.0
297,2010-10-25,3.83,0.0
298,2010-10-26,5.97,0.0
299,2010-10-27,5.62,0.010612245
300,2010-10-28,6.32,0.0
301,2010-10-29,9.46,0.0
302,2010-10-30,7.25,0.0
303,2010-10-31,8.46,0.0
304,2010-11-01,5.88,0.0
305,2010-11-02,3.17,0.0
306,2010-11-03,3.96,0.0
307,2010-11-04,7.64,0.03875
308,2010-11-05,5.47,0.0012820513
309,2010-11-06,5.29,0.0
310,2010-11-07,6.83,0.0
311,2010-11-08,10.11,0.0017857143
312,2010-11-09,8.39,0.0
313,2010-11-10,7.46,0.0
314,2010-11-11,6.87,0.0
315,2010-11-12,5.75,0.0
316,2010-11-13,3.21,0.0
317,2010-11-14,3.72,0.0
318,2010-11-15,5.37,0.0
319,2010-11-16,6.09,0.013965517
320,2010-11-17,10.1,0.0115625
321,2010-11-18,7.21,0.0
322,2010-11-19,5.75,0.0
323,2010-11-20,7.75,0.0
324,2010-11-21,6.04,0.0
325,2010-11-22,5.59,0.0
326,2010-11-23,7.08,0.0
327,2010-11-24,9.5,0.0
328,2010-11-25,3.28,0.0026666666
329,2010-11-26,6.66,0.007948718
330,2010-11-27,9.62,0.0
331,2010-11-28,4.54,0.0
332,2010-11-29,2.67,0.0
333,2010-11-30,6.53,0.0025714287
334,2010-12-01,11.61,0.07638298
335,2010-12-02,7.36,0.0
336,2010-12-03,6.12,0.0
337,2010-12-04,8.42,0.0
338,2010-12-05,9.67,0.0
339,2010-12-06,10.62,0.0
340,2010-12-07,10.04,0.0
341,2010-12-08,9.54,0.0
342,2010-12-09,7.92,0.0
343,2010-12-10,4.38,0.0
344,2010-12-11,4.25,0.0
345,2010-12-12,7.95,0.0479661
346,2010-12-13,8.41,0.002
347,2010-12-14,10.93,0.00032258066
348,2010-12-15,10.0,0.0
349,2010-12-16,6.29,0.0
350,2010-12-17,6.79,0.0
351,2010-12-18,3.67,0.0
352,2010-12-19,4.96,0.0
353,2010-12-20,8.75,0.0
354,2010-12-21,9.38,0.0
355,2010-12-22,9.62,0.0
356,2010-12-23,12.04,0.0
357,2010-12-24,7.29,0.0
358,2010-12-25,4.0,0.0
359,2010-12-26,10.44,0.054857142
360,2010-12-27,16.76,0.012058823
361,2010-12-28,9.0,0.0
362,2010-12-29,7.92,0.0
363,2010-12-30,4.0,0.0
364,2010-12-31,6.29,0.0
0,2011-01-01,3.12,0.0
1,2011-01-02,3.9,0.00025
2,2011-01-03,8.87,0.0
3,2011-01-04,6.25,0.0
4,2011-01-05,6.29,0.0
5,2011-01-06,2.48,0.0
6,2011-01-07,5.15,0.0092857145
7,2011-01-08,4.72,0.0
8,2011-01-09,10.96,0.0
9,2011-01-10,8.62,0.0
10,2011-01-11,6.75,0.015405405
11,2011-01-12,10.08,0.0205
12,2011-01-13,10.54,0.0
13,2011-01-14,5.79,0.0
14,2011-01-15,4.79,0.0
15,2011-01-16,8.04,0.0
16,2011-01-17,6.83,0.0
17,2011-01-18,9.85,0.037755102
18,2011-01-19,5.67,0.0022580645
19,2011-01-20,6.64,0.0
20,2011-01-21,7.76,0.017435897
21,2011-01-22,5.71,0.0
22,2011-01-23,9.42,0.0
23,2011-01-24,5.92,0.0
24,2011-01-25,5.25,0.02111111
25,2011-01-26,10.14,0.03137255
26,2011-01-27,2.64,0.03647059
27,2011-01-28,3.97,0.0
28,2011-01-29,4.23,0.00055555557
29,2011-01-30,5.58,0.0
30,2011-01-31,5.75,0.0
31,2011-02-01,8.63,0.0067213112
32,2011-02-02,6.0,0.026166666
33,2011-02-03,8.88,0.0
34,2011-02-04,6.08,0.0
35,2011-02-05,6.13,0.0039583333
36,2011-02-06,7.0,0.0
37,2011-02-07,4.93,0.00862069
38,2011-02-08,10.67,0.0054054055
39,2011-02-09,8.0,0.0
40,2011-02-10,7.83,0.0
41,2011-02-11,6.08,0.0
42,2011-02-12,8.5,0.0
43,2011-02-13,7.75,0.0
44,2011-02-14,13.08,0.0
45,2011-02-15,11.58,0.0
46,2011-02-16,4.54,0.0
47,2011-02-17,4.21,0.0
48,2011-02-18,7.12,0.0
49,2011-02-19,15.83,0.0
50,2011-02-20,8.75,0.0
51,2011-02-21,7.11,0.010444445
52,2011-02-22,7.38,0.0
53,2011-02-23,3.42,0.0
54,2011-02-24,3.73,0.0022222223
55,2011-02-25,5.26,0.05372549
56,2011-02-26,5.82,0.0
57,2011-02-27,6.5,0.0
58,2011-02-28,9.18,0.018780489
59,2011-03-01,6.62,0.0
60,2011-03-02,10.79,0.0
61,2011-03-03,5.62,0.0
62,2011-03-04,7.72,0.0
63,2011-03-05,8.48,0.00032258066
64,2011-03-06,8.52,0.0759375
65,2011-03-07,9.97,0.005384615
66,2011-03-08,4.74,0.0
67,2011-03-09,10.68,0.0
68,2011-03-10,11.36,0.052790698
69,2011-03-11,8.48,0.054
70,2011-03-12,8.24,0.0
71,2011-03-13,9.33,0.0
72,2011-03-14,5.33,0.0
73,2011-03-15,5.79,0.0
74,2011-03-16,4.11,0.022820514
75,2011-03-17,6.45,0.0
76,2011-03-18,8.12,0.0
77,2011-03-19,8.96,0.0
78,2011-03-20,6.42,0.0
79,2011-03-21,5.59,0.022631578
80,2011-03-22,8.28,0.0
81,2011-03-23,6.03,0.027460318
82,2011-03-24,6.36,0.004411765
83,2011-03-25,6.92,0.0
84,2011-03-26,8.79,0.0
85,2011-03-27,8.62,0.0
86,2011-03-28,9.29,0.0
87,2011-03-29,8.04,0.0
88,2011-03-30,4.43,0.00045454546
89,2011-03-31,10.78,0.004705882
90,2011-04-01,6.9,0.0075609754
91,2011-04-02,10.04,0.0
92,2011-04-03,7.87,0.0
93,2011-04-04,6.83,0.0024
94,2011-04-05,10.42,0.009117647
95,2011-04-06,6.62,0.0037037036
96,2011-04-07,7.06,0.00058823527
97,2011-04-08,4.79,0.0
98,2011-04-09,5.08,0.0
99,2011-04-10,4.33,0.0
100,2011-04-11,7.17,0.0
101,2011-04-12,10.95,0.063421056
102,2011-04-13,10.26,0.01125
103,2011-04-14,5.68,0.0
104,2011-04-15,9.46,0.0
105,2011-04-16,11.89,0.060851064
106,2011-04-17,9.77,0.04032258
107,2011-04-18,6.91,0.0
108,2011-04-19,6.54,0.0013793104
109,2011-04-20,6.68,0.0
110,2011-04-21,10.29,0.0
111,2011-04-22,7.13,0.0
112,2011-04-23,6.39,0.029777778
113,2011-04-24,2.46,0.035
114,2011-04-25,4.36,0.0
115,2011-04-26,5.83,0.0
116,2011-04-27,6.63,0.0
117,2011-04-28,6.76,0.014901961
118,2011-04-29,6.42,0.0
119,2011-04-30,4.88,0.0
120,2011-05-01,5.42,0.0
121,2011-05-02,5.17,0.0
122,2011-05-03,6.79,0.0
123,2011-05-04,6.58,0.028695652
124,2011-05-05,8.62,0.0
125,2011-05-06,5.88,0.0
126,2011-05-07,5.79,0.0
127,2011-05-08,5.04,0.0
128,2011-05-09,7.04,0.0
129,2011-05-10,5.67,0.0
130,2011-05-11,5.67,0.0
131,2011-05-12,4.96,0.0
132,2011-05-13,3.08,0.0
133,2011-05-14,5.26,0.0
134,2011-05-15,4.16,0.036491226
135,2011-05-16,9.24,0.01
136,2011-05-17,12.86,0.026956521
137,2011-05-18,6.97,0.08820896
138,2011-05-19,3.71,0.0
139,2011-05-20,0.91,0.008909091
140,2011-05-21,2.54,0.0019148936
141,2011-05-22,4.94,0.0
142,2011-05-23,5.03,0.009032258
143,2011-05-24,5.23,0.0
144,2011-05-25,3.54,0.0
145,2011-05-26,5.14,0.0
146,2011-05-27,3.62,0.0
147,2011-05-28,5.39,0.0
148,2011-05-29,4.85,0.0
149,2011-05-30,4.21,0.012666667
150,2011-05-31,4.45,0.0
151,2011-06-01,5.88,0.0
152,2011-06-02,8.38,0.0
153,2011-06-03,6.75,0.0
154,2011-06-04,4.65,0.0
155,2011-06-05,4.2,0.0
156,2011-06-06,4.04,0.0
157,2011-06-07,5.9,0.0
158,2011-06-08,4.04,0.0
159,2011-06-09,3.92,0.0026923076
160,2011-06-10,4.67,0.0
161,2011-06-11,10.11,0.03
162,2011-06-12,5.03,0.00026315788
163,2011-06-13,4.26,0.0045
164,2011-06-14,4.86,0.004864865
165,2011-06-15,4.88,0.0
166,2011-06-16,4.39,0.0
167,2011-06-17,3.29,0.08985916
168,2011-06-18,1.15,0.0
169,2011-06-19,4.0,0.0
170,2011-06-20,3.46,0.0
171,2011-06-21,4.42,0.0
172,2011-06-22,3.02,0.020731708
173,2011-06-23,5.9,0.014038461
174,2011-06-24,4.87,0.0010416667
175,2011-06-25,3.76,0.0
176,2011-06-26,4.29,0.0
177,2011-06-27,2.33,0.0
178,2011-06-28,2.1,0.0
179,2011-06-29,3.9,0.0046666665
180,2011-06-30,4.87,0.0
181,2011-07-01,3.54,0.0
182,2011-07-02,3.29,0.0
183,2011-07-03,3.09,0.027272727
184,2011-07-04,2.0,0.0
185,2011-07-05,4.12,0.0
186,2011-07-06,4.38,0.0
187,2011-07-07,3.92,0.0
188,2011-07-08,3.92,0.02
189,2011-07-09,3.55,0.0
190,2011-07-10,2.04,0.0
191,2011-07-11,5.25,0.0
192,2011-07-12,7.17,0.0
193,2011-07-13,5.75,0.014482759
194,2011-07-14,7.08,0.0
195,2011-07-15,4.38,0.0
196,2011-07-16,4.71,0.0
197,2011-07-17,5.92,0.0
198,2011-07-18,4.26,0.009722223
199,2011-07-19,4.0,0.0
200,2011-07-20,3.5,0.0
201,2011-07-21,5.76,0.0
202,2011-07-22,4.5,0.0
203,2011-07-23,4.04,0.0
204,2011-07-24,3.56,0.0032142857
205,2011-07-25,5.07,0.018709678
206,2011-07-26,3.67,0.0051612905
207,2011-07-27,4.25,0.0
208,2011-07-28,3.08,0.0
209,2011-07-29,3.83,0.04418182
210,2011-07-30,5.46,0.0
211,2011-07-31,3.0,0.0
212,2011-08-01,3.04,0.00083333335
213,2011-08-02,3.83,0.0
214,2011-08-03,3.1,0.060232557
215,2011-08-04,4.88,0.0
216,2011-08-05,4.46,0.0
217,2011-08-06,5.81,0.01
218,2011-08-07,4.54,0.009210526
219,2011-08-08,4.46,0.0
220,2011-08-09,4.26,0.1325641
221,2011-08-10,5.42,0.0
222,2011-08-11,3.58,0.0
223,2011-08-12,3.09,0.0
224,2011-08-13,2.79,0.0
225,2011-08-14,4.38,0.17
226,2011-08-15,3.93,0.05531915
227,2011-08-16,5.34,0.00055555557
228,2011-08-17,1.75,0.0
229,2011-08-18,5.2,0.005
230,2011-08-19,3.15,0.04225
231,2011-08-20,1.48,0.0
232,2011-08-21,3.6,0.049591836
233,2011-08-22,6.63,0.0
234,2011-08-23,3.88,0.0
235,2011-08-24,7.33,0.0
236,2011-08-25,5.88,0.032439023
237,2011-08-26,1.79,0.0
238,2011-08-27,8.17,0.112676054
239,2011-08-28,13.91,0.18872727
240,2011-08-29,4.08,0.0
241,2011-08-30,3.29,0.0
242,2011-08-31,2.25,0.0
243,2011-09-01,3.26,0.0
244,2011-09-02,3.62,0.0
245,2011-09-03,4.54,0.0
246,2011-09-04,4.96,0.0
247,2011-09-05,5.22,0.0
248,2011-09-06,7.39,0.101052634
249,2011-09-07,10.83,0.051509432
250,2011-09-08,6.12,0.034146342
251,2011-09-09,4.73,0.0
252,2011-09-10,3.75,0.0
253,2011-09-11,4.5,0.00032258066
254,2011-09-12,1.6,0.0
255,2011-09-13,4.79,0.0
256,2011-09-14,4.88,0.0
257,2011-09-15,4.79,0.004117647
258,2011-09-16,5.29,0.0
259,2011-09-17,5.38,0.0
260,2011-09-18,7.6,0.0
261,2011-09-19,4.63,0.0
262,2011-09-20,4.37,0.0035897435
263,2011-09-21,2.62,0.0017142857
264,2011-09-22,1.06,0.00041666668
265,2011-09-23,3.62,0.08966102
266,2011-09-24,2.16,0.0
267,2011-09-25,0.83,0.0
268,2011-09-26,0.88,0.0
269,2011-09-27,3.91,0.0
270,2011-09-28,6.14,0.002972973
271,2011-09-29,4.92,0.02367347
272,2011-09-30,2.82,0.055714287
273,2011-10-01,4.46,0.018157896
274,2011-10-02,5.06,0.003235294
275,2011-10-03,2.23,0.0013888889
276,2011-10-04,4.79,0.0
277,2011-10-05,7.38,0.0
278,2011-10-06,2.75,0.0
279,2011-10-07,1.83,0.0
280,2011-10-08,2.71,0.0
281,2011-10-09,2.67,0.0
282,2011-10-10,1.58,0.0
283,2011-10-11,6.42,0.0
284,2011-10-12,10.91,0.0475
285,2011-10-13,7.11,0.018297872
286,2011-10-14,5.32,0.052051283
287,2011-10-15,7.67,0.0
288,2011-10-16,7.88,0.0
289,2011-10-17,7.75,0.0
290,2011-10-18,3.45,0.00045454546
291,2011-10-19,11.78,0.03214286
292,2011-10-20,7.85,0.0
293,2011-10-21,6.75,0.0
294,2011-10-22,4.29,0.0
295,2011-10-23,2.05,0.0
296,2011-10-24,4.2,0.0
297,2011-10-25,6.61,0.0
298,2011-10-26,2.88,0.0
299,2011-10-27,6.65,0.020327868
300,2011-10-28,5.23,0.0
301,2011-10-29,8.6,0.06695652
302,2011-10-30,5.74,0.00035714285
303,2011-10-31,2.13,0.0
304,2011-11-01,6.04,0.0
305,2011-11-02,1.96,0.0
306,2011-11-03,6.04,0.0
307,2011-11-04,8.17,0.0
308,2011-11-05,4.88,0.0
309,2011-11-06,4.08,0.0
310,2011-11-07,4.58,0.0
311,2011-11-08,2.21,0.0
312,2011-11-09,3.53,0.0
313,2011-11-10,3.5,0.00076923077
314,2011-11-11,7.79,0.0010344827
315,2011-11-12,7.38,0.0
316,2011-11-13,5.67,0.0
317,2011-11-14,6.87,0.0
318,2011-11-15,5.45,0.0
319,2011-11-16,3.0,0.03533333
320,2011-11-17,6.54,0.004137931
321,2011-11-18,6.83,0.0
322,2011-11-19,6.67,0.0
323,2011-11-20,8.54,0.0
324,2011-11-21,4.67,0.004285714
325,2011-11-22,7.22,0.04347826
326,2011-11-23,6.55,0.026666667
327,2011-11-24,5.08,0.0
328,2011-11-25,5.79,0.0
329,2011-11-26,3.04,0.0
330,2011-11-27,4.83,0.0
331,2011-11-28,5.71,0.0
332,2011-11-29,7.68,0.018958334
333,2011-11-30,8.82,0.0
334,2011-12-01,7.5,0.0
335,2011-12-02,5.38,0.0
336,2011-12-03,4.42,0.0
337,2011-12-04,4.23,0.0
338,2011-12-05,2.62,0.0
339,2011-12-06,6.19,0.012857143
340,2011-12-07,4.65,0.0475
341,2011-12-08,9.61,0.00862069
342,2011-12-09,5.38,0.0
343,2011-12-10,6.29,0.0
344,2011-12-11,3.92,0.0
345,2011-12-12,4.04,0.0
346,2011-12-13,4.38,0.0
347,2011-12-14,4.07,0.0
348,2011-12-15,7.92,0.0
349,2011-12-16,14.48,0.0
350,2011-12-17,6.65,0.0
351,2011-12-18,4.5,0.0
352,2011-12-19,9.24,0.0
353,2011-12-20,4.5,0.00037037037
354,2011-12-21,6.31,0.00775
355,2011-12-22,5.38,0.002
356,2011-12-23,5.71,0.049761906
357,2011-12-24,5.25,0.0
358,2011-12-25,5.88,0.0
359,2011-12-26,9.08,0.0
360,2011-12-27,9.05,0.041627906
361,2011-12-28,11.61,0.0
362,2011-12-29,7.04,0.0
363,2011-12-30,3.29,0.0
364,2011-12-31,5.38,0.00041666668
0,2012-01-01,5.87,0.0016129032
1,2012-01-02,10.21,0.0
2,2012-01-03,10.54,0.0
3,2012-01-04,7.7,0.0
4,2012-01-05,6.26,0.0
5,2012-01-06,6.88,0.0
6,2012-01-07,6.96,0.0
7,2012-01-08,7.71,0.0
8,2012-01-09,3.62,0.0
9,2012-01-10,7.26,0.0
10,2012-01-11,6.48,0.0023333333
11,2012-01-12,9.51,0.062307693
12,2012-01-13,9.71,0.008055556
13,2012-01-14,8.54,0.0
14,2012-01-15,8.79,0.0
15,2012-01-16,4.83,0.0012
16,2012-01-17,7.69,0.007027027
17,2012-01-18,10.42,0.0
18,2012-01-19,6.54,0.0
19,2012-01-20,7.45,0.0
20,2012-01-21,10.23,0.017291667
21,2012-01-22,8.48,0.0
22,2012-01-23,7.27,0.022307692
23,2012-01-24,7.93,0.0
24,2012-01-25,6.48,0.0
25,2012-01-26,4.39,0.0075
26,2012-01-27,7.36,0.015686275
27,2012-01-28,7.5,0.0
28,2012-01-31,8.43,0.0
29,2012-02-01,8.04,0.0012
30,2012-02-02,6.88,0.0
31,2012-02-03,7.04,0.0
32,2012-02-04,5.12,0.0
33,2012-02-05,5.96,0.0
34,2012-02-06,7.88,0.0
35,2012-02-07,6.38,0.0
36,2012-02-08,3.54,0.00055555557
37,2012-02-09,6.58,0.0
38,2012-02-10,6.08,0.0
39,2012-02-11,4.46,0.00325
40,2012-02-12,11.56,0.0
41,2012-02-13,8.68,0.0
42,2012-02-14,4.25,0.0008
43,2012-02-15,3.89,0.0003448276
44,2012-02-16,5.03,0.008888889
45,2012-02-17,6.71,0.001875
46,2012-02-18,6.54,0.0014814815
47,2012-02-19,6.92,0.0
48,2012-02-20,7.42,0.0
49,2012-02-21,7.62,0.0
50,2012-02-22,6.42,0.0
51,2012-02-23,8.08,0.0
52,2012-02-24,8.16,0.024038462
53,2012-02-25,15.06,0.0
54,2012-02-26,5.83,0.0
55,2012-02-27,3.8,0.0
56,2012-02-28,5.46,0.0
57,2012-02-29,3.34,0.019555556
58,2012-03-01,1.74,0.0038461538
59,2012-03-02,7.75,0.004
60,2012-03-03,4.21,0.010344828
61,2012-03-04,6.83,0.0
62,2012-03-05,8.54,0.0
63,2012-03-06,7.08,0.0
64,2012-03-07,8.29,0.0
65,2012-03-08,6.76,0.0
66,2012-03-09,8.35,0.00095238094
67,2012-03-10,6.68,0.0
68,2012-03-11,7.48,0.0
69,2012-03-12,4.33,0.0
70,2012-03-13,5.5,0.0019047619
71,2012-03-14,4.62,0.0
72,2012-03-15,6.74,0.0
73,2012-03-16,3.65,0.00125
74,2012-03-17,4.93,0.0
75,2012-03-18,3.0,0.0
76,2012-03-19,4.52,0.0
77,2012-03-20,3.21,0.0
78,2012-03-21,3.8,0.0
79,2012-03-22,2.53,0.0
80,2012-03-23,4.3,0.0
81,2012-03-24,7.58,0.0004
82,2012-03-25,7.2,0.0061290325
83,2012-03-26,7.84,0.0
84,2012-03-27,5.39,0.0
85,2012-03-28,5.77,0.00086956524
86,2012-03-29,8.65,0.0
87,2012-03-30,4.39,0.0033333334
88,2012-03-31,7.54,0.017105263
89,2012-04-01,1.92,0.022368422
90,2012-04-02,7.25,0.0036
91,2012-04-03,5.86,0.0
92,2012-04-04,6.05,0.0
93,2012-04-05,5.13,0.0
94,2012-04-06,6.86,0.0
95,2012-04-07,5.85,0.0
96,2012-04-08,7.73,0.0
97,2012-04-09,11.05,0.0
98,2012-04-10,5.54,0.0
99,2012-04-11,5.05,0.0
100,2012-04-12,5.19,0.0
101,2012-04-13,3.3,0.0
102,2012-04-14,3.48,0.0
103,2012-04-15,3.72,0.0
104,2012-04-16,5.82,0.0
105,2012-04-17,5.33,0.0
106,2012-04-18,4.9,0.00045454546
107,2012-04-19,1.88,0.0015384615
108,2012-04-20,4.75,0.0
109,2012-04-21,4.78,0.010303031
110,2012-04-22,9.45,0.096666664
111,2012-04-23,6.66,0.010476191
112,2012-04-24,6.17,0.0
113,2012-04-25,2.13,0.0
114,2012-04-26,4.28,0.0016216217
115,2012-04-27,8.88,0.0044444446
116,2012-04-28,6.14,0.0
117,2012-04-29,6.05,0.0
118,2012-04-30,4.31,0.0
119,2012-05-01,4.62,0.03232558
120,2012-05-02,5.62,0.003902439
121,2012-05-03,2.26,0.041
122,2012-05-04,2.39,0.010476191
123,2012-05-05,2.71,0.0
124,2012-05-06,3.41,0.0
125,2012-05-07,3.26,0.00035714285
126,2012-05-08,5.28,0.0015789474
127,2012-05-09,2.84,0.0135897435
128,2012-05-10,5.0,0.0048
129,2012-05-11,5.91,0.0
130,2012-05-12,4.05,0.0
131,2012-05-13,4.48,0.0
132,2012-05-14,4.04,0.0
133,2012-05-15,3.03,0.014615385
134,2012-05-16,2.2,0.0034146341
135,2012-05-17,4.13,0.0
136,2012-05-18,4.43,0.0
137,2012-05-19,3.04,0.0
138,2012-05-20,6.04,0.0
139,2012-05-21,7.4,0.059107143
140,2012-05-22,4.49,0.0065789474
141,2012-05-23,2.48,0.00088235294
142,2012-05-24,4.44,0.045918368
143,2012-05-25,3.6,0.0
144,2012-05-26,2.8,0.00095238094
145,2012-05-27,1.75,0.0056
146,2012-05-28,2.61,0.0
147,2012-05-29,4.27,0.007826087
148,2012-05-30,3.26,0.00043478262
149,2012-05-31,5.05,0.0
150,2012-06-01,8.08,0.009230769
151,2012-06-02,4.69,0.027777778
152,2012-06-03,5.23,0.00043478262
153,2012-06-04,7.46,0.011315789
154,2012-06-05,4.0,0.0
155,2012-06-06,2.76,0.00055555557
156,2012-06-07,2.91,0.00045454546
157,2012-06-08,3.13,0.0
158,2012-06-09,2.59,0.0
159,2012-06-10,1.57,0.0
160,2012-06-11,5.41,0.0
161,2012-06-12,5.05,0.037209302
162,2012-06-13,5.85,0.018541666
163,2012-06-14,6.1,0.0
164,2012-06-15,4.2,0.0
165,2012-06-16,4.45,0.0
166,2012-06-17,4.53,0.0
167,2012-06-18,3.36,0.0
168,2012-06-19,2.5,0.0
169,2012-06-20,3.78,0.0
170,2012-06-21,4.91,0.0
171,2012-06-22,2.43,0.018064516
172,2012-06-23,3.96,0.0
173,2012-06-24,2.95,0.0026086958
174,2012-06-25,3.2,0.0087096775
175,2012-06-26,6.33,0.0
176,2012-06-27,6.87,0.0
177,2012-06-28,5.45,0.0
178,2012-06-29,3.47,0.02
179,2012-06-30,4.62,0.0
180,2012-07-01,4.42,0.0
181,2012-07-02,4.5,0.0
182,2012-07-03,2.95,0.0
183,2012-07-04,4.12,0.0024
184,2012-07-05,5.17,0.0
185,2012-07-06,2.5,0.0
186,2012-07-07,3.6,0.07193548
187,2012-07-08,2.87,0.0035483872
188,2012-07-09,3.88,0.0
189,2012-07-10,3.68,0.0
190,2012-07-11,2.39,0.0
191,2012-07-12,2.75,0.0
192,2012-07-13,3.0,0.0
193,2012-07-14,4.48,0.0
194,2012-07-15,4.07,0.021666666
195,2012-07-16,4.78,0.0
196,2012-07-17,4.3,0.0
197,2012-07-18,3.34,0.10166667
198,2012-07-19,5.18,0.0006896552
199,2012-07-20,7.85,0.025471698
200,2012-07-21,4.33,0.0
201,2012-07-22,2.41,0.0
202,2012-07-23,4.0,0.008387097
203,2012-07-24,6.5,0.0
204,2012-07-25,4.33,0.0
205,2012-07-26,5.77,0.046774194
206,2012-07-27,4.52,0.0
207,2012-07-28,5.22,0.013260869
208,2012-07-29,3.44,0.00028571428
209,2012-07-30,2.94,0.0
210,2012-07-31,4.1,0.0
211,2012-08-01,2.19,0.028867925
212,2012-08-02,2.67,0.0
213,2012-08-03,3.52,0.0
214,2012-08-04,3.14,0.0
215,2012-08-05,5.69,0.014736842
216,2012-08-06,3.9,0.0003030303
217,2012-08-07,1.73,0.0
218,2012-08-08,0.96,0.0
219,2012-08-09,2.76,0.0
220,2012-08-10,4.25,0.01
221,2012-08-11,4.2,0.0
222,2012-08-12,4.45,0.0
223,2012-08-13,4.38,0.0
224,2012-08-14,2.26,0.0003448276
225,2012-08-15,3.4,0.023953488
226,2012-08-16,2.43,0.0
227,2012-08-17,4.07,0.010714286
228,2012-08-18,3.77,0.019722221
229,2012-08-19,1.25,0.0
230,2012-08-20,1.12,0.0
231,2012-08-21,3.24,0.0
232,2012-08-22,1.96,0.0
233,2012-08-23,2.14,0.0
234,2012-08-24,1.96,0.0
235,2012-08-25,3.52,0.0
236,2012-08-26,4.73,0.0
237,2012-08-27,3.75,0.038367346
238,2012-08-28,6.12,0.009189189
239,2012-08-29,4.54,0.0
240,2012-08-30,3.59,0.0
241,2012-08-31,4.78,0.0
242,2012-09-01,4.83,0.0
243,2012-09-02,2.53,0.0
244,2012-09-03,6.39,0.0
245,2012-09-04,4.12,0.0043636365
246,2012-09-05,4.3,0.0035555556
247,2012-09-06,2.29,0.0
248,2012-09-07,2.96,0.0
249,2012-09-08,4.98,0.028409092
250,2012-09-09,3.13,0.0
251,2012-09-10,5.13,0.0
252,2012-09-11,2.75,0.0
253,2012-09-12,3.18,0.0
254,2012-09-13,2.43,0.0
255,2012-09-14,3.78,0.0
256,2012-09-15,4.43,0.0004
257,2012-09-16,2.14,0.0
258,2012-09-17,2.91,0.0
259,2012-09-18,7.1,0.036041666
260,2012-09-19,5.2,0.0
261,2012-09-20,5.85,0.0
262,2012-09-21,4.59,0.0
263,2012-09-22,3.92,0.009333333
264,2012-09-23,6.23,0.0
265,2012-09-24,4.08,0.0
266,2012-09-25,6.23,0.0
267,2012-09-26,4.17,0.0004
268,2012-09-27,2.56,0.0022222223
269,2012-09-28,4.52,0.057837836
270,2012-09-29,2.68,0.0
271,2012-09-30,2.77,0.0
272,2012-10-01,4.48,0.0
273,2012-10-02,3.65,0.0136
274,2012-10-03,1.43,0.0
275,2012-10-04,1.56,0.0
276,2012-10-05,3.22,0.0
277,2012-10-06,5.68,0.0
278,2012-10-07,2.04,0.0074074073
279,2012-10-08,3.0,0.0
280,2012-10-09,6.33,0.0016216217
281,2012-10-10,5.58,0.008510638
282,2012-10-11,5.67,0.0
283,2012-10-12,6.0,0.0
284,2012-10-13,3.45,0.0
285,2012-10-14,6.24,0.0
286,2012-10-15,5.29,0.019032259
287,2012-10-16,5.48,0.0
288,2012-10-17,1.83,0.0
289,2012-10-18,4.73,0.0
290,2012-10-19,5.48,0.029117648
291,2012-10-20,2.47,0.0
292,2012-10-21,6.05,0.0
293,2012-10-22,4.19,0.0
294,2012-10-23,1.65,0.00125
295,2012-10-24,4.92,0.0
296,2012-10-25,3.31,0.0
297,2012-10-26,1.46,0.0
298,2012-10-27,6.33,0.0
299,2012-10-28,11.6,0.0
300,2012-10-29,19.51,0.030416667
301,2012-10-30,7.77,0.010833333
302,2012-10-31,5.2,0.00029411764
303,2012-11-01,5.9,0.0
304,2012-11-02,6.65,0.0
305,2012-11-03,8.42,0.0
306,2012-11-04,6.67,0.0
307,2012-11-05,4.77,0.0
308,2012-11-06,5.62,0.0
309,2012-11-07,10.21,0.032222223
310,2012-11-08,7.5,0.0036666666
311,2012-11-09,7.91,0.0
312,2012-11-10,1.5,0.0
313,2012-11-11,2.5,0.0
314,2012-11-12,3.84,0.0
315,2012-11-13,6.09,0.004166667
316,2012-11-14,6.48,0.0
317,2012-11-15,4.92,0.0
318,2012-11-16,5.13,0.0
319,2012-11-17,5.21,0.0
320,2012-11-18,6.38,0.0
321,2012-11-19,5.37,0.0
322,2012-11-20,4.08,0.0
323,2012-11-21,4.46,0.0
324,2012-11-22,2.58,0.0
325,2012-11-23,5.09,0.0004
326,2012-11-24,10.14,0.0
327,2012-11-25,6.82,0.0
328,2012-11-26,5.39,0.0
329,2012-11-27,6.7,0.0175
330,2012-11-28,5.35,0.0
331,2012-11-29,6.65,0.0
332,2012-11-30,5.72,0.0
333,2012-12-01,9.56,0.0
334,2012-12-02,2.16,0.001025641
335,2012-12-03,3.76,0.0
336,2012-12-04,2.62,0.0036842106
337,2012-12-05,7.81,0.0
338,2012-12-06,3.23,0.0
339,2012-12-07,2.28,0.0044
340,2012-12-08,2.75,0.012222222
341,2012-12-09,7.32,0.008421052
342,2012-12-10,3.33,0.00083333335
343,2012-12-11,5.88,0.0025
344,2012-12-12,3.0,0.0
345,2012-12-13,1.48,0.0
346,2012-12-14,5.25,0.0
347,2012-12-15,3.92,0.0
348,2012-12-16,9.34,0.016086956
349,2012-12-17,9.39,0.01
350,2012-12-18,6.92,0.02716981
351,2012-12-19,9.23,0.0
352,2012-12-20,5.79,0.00066666666
353,2012-12-21,11.11,0.027045455
354,2012-12-22,11.43,0.0
355,2012-12-23,6.96,0.0
356,2012-12-24,3.57,0.0038709678
357,2012-12-25,5.78,0.0021276595
358,2012-12-26,16.11,0.045625
359,2012-12-27,13.06,0.026037736
360,2012-12-28,7.45,0.0
361,2012-12-29,7.02,0.0075510205
362,2012-12-30,11.36,0.0
363,2012-12-31,7.52,0.0
0,2013-01-01,7.0,0.0
1,2013-01-02,6.0,0.0
2,2013-01-03,4.5,0.0
3,2013-01-04,7.96,0.0
4,2013-01-05,6.62,0.0
5,2013-01-06,6.85,0.0
6,2013-01-07,5.36,0.0
7,2013-01-08,6.52,0.0
8,2013-01-09,4.1,0.0
9,2013-01-10,6.67,0.0
10,2013-01-11,4.26,0.023611112
11,2013-01-12,3.62,0.0010416667
12,2013-01-13,2.98,0.0
13,2013-01-14,4.12,0.0025
14,2013-01-15,6.96,0.0048
15,2013-01-16,4.72,0.0215
16,2013-01-17,5.67,0.0
17,2013-01-18,6.55,0.0
18,2013-01-19,9.77,0.0
19,2013-01-20,10.67,0.0
20,2013-01-21,5.22,0.0
21,2013-01-22,10.39,0.0
22,2013-01-23,7.83,0.0
23,2013-01-24,8.38,0.0
24,2013-01-25,6.08,0.005
25,2013-01-26,6.81,0.0
26,2013-01-27,5.79,0.0
27,2013-01-28,4.89,0.008809524
28,2013-01-29,4.06,0.004390244
29,2013-01-30,5.05,0.00125
30,2013-01-31,12.47,0.06135135
31,2013-02-01,8.65,0.0
32,2013-02-02,5.53,0.00088235294
33,2013-02-03,2.59,0.00058823527
34,2013-02-04,7.29,0.0
35,2013-02-05,4.68,0.00125
36,2013-02-06,3.73,0.0
37,2013-02-07,6.23,0.0
38,2013-02-08,13.63,0.03237288
39,2013-02-09,8.67,0.0109756095
40,2013-02-10,3.08,0.0
41,2013-02-11,3.22,0.015833333
42,2013-02-12,8.55,0.0
43,2013-02-13,3.86,0.0020689655
44,2013-02-14,4.0,0.0
45,2013-02-15,6.12,0.0
46,2013-02-16,7.09,0.0009090909
47,2013-02-17,12.32,0.0
48,2013-02-18,8.13,0.0
49,2013-02-19,6.6,0.0053125
50,2013-02-20,11.91,0.0
51,2013-02-21,10.0,0.0
52,2013-02-22,6.83,0.0
53,2013-02-23,8.56,0.010588235
54,2013-02-24,6.24,0.00075
55,2013-02-25,4.74,0.0
56,2013-02-26,8.48,0.005
57,2013-02-27,11.71,0.043913044
58,2013-02-28,4.64,0.0
59,2013-03-01,5.22,0.0
60,2013-03-02,7.81,0.0
61,2013-03-03,7.54,0.0
62,2013-03-04,10.04,0.0
63,2013-03-05,7.13,0.0
64,2013-03-06,15.22,0.0
65,2013-03-07,9.51,0.0070833336
66,2013-03-08,6.77,0.015
67,2013-03-09,6.21,0.0
68,2013-03-10,5.11,0.0
69,2013-03-11,6.46,0.0
70,2013-03-12,8.64,0.027678572
71,2013-03-13,6.39,0.0
72,2013-03-14,11.42,0.0
73,2013-03-15,7.95,0.0
74,2013-03-16,3.69,0.005
75,2013-03-17,6.05,0.0
76,2013-03-18,9.33,0.02025
77,2013-03-19,8.42,0.015714286
78,2013-03-20,7.76,0.0
79,2013-03-21,6.41,0.0
80,2013-03-22,8.82,0.0
81,2013-03-23,9.57,0.0
82,2013-03-24,5.12,0.0
83,2013-03-25,8.14,0.0072972975
84,2013-03-26,4.65,0.0
85,2013-03-27,5.74,0.0
86,2013-03-28,5.95,0.0
87,2013-03-29,5.54,0.0
88,2013-03-30,4.25,0.0
89,2013-03-31,5.83,0.0032258064
90,2013-04-01,6.08,0.0
91,2013-04-02,9.62,0.0
92,2013-04-03,10.79,0.0
93,2013-04-04,5.95,0.0
94,2013-04-05,5.5,0.0
95,2013-04-06,5.91,0.0
96,2013-04-07,7.48,0.0
97,2013-04-08,4.22,0.0
98,2013-04-09,4.79,0.0
99,2013-04-10,4.78,0.01638889
100,2013-04-11,6.51,0.0
101,2013-04-12,11.32,0.0208
102,2013-04-13,3.69,0.0009090909
103,2013-04-14,5.68,0.0
104,2013-04-15,5.81,0.0
105,2013-04-16,6.69,0.0
106,2013-04-17,5.44,0.0006896552
107,2013-04-18,6.48,0.0003125
108,2013-04-19,6.68,0.00175
109,2013-04-20,8.36,0.0028571428
110,2013-04-21,5.0,0.0
111,2013-04-22,9.62,0.0
112,2013-04-23,9.39,0.0
113,2013-04-24,4.83,0.0
114,2013-04-25,5.26,0.0
115,2013-04-26,3.3,0.0
116,2013-04-27,4.71,0.0
117,2013-04-28,4.29,0.0
118,2013-04-29,4.91,0.0014285714
119,2013-04-30,5.3,0.0
120,2013-05-01,4.59,0.0
121,2013-05-02,3.48,0.0
122,2013-05-03,6.39,0.0
123,2013-05-04,5.75,0.0
124,2013-05-05,6.28,0.0
125,2013-05-06,3.93,0.0
126,2013-05-07,5.53,0.0
127,2013-05-08,5.76,0.11662338
128,2013-05-09,3.29,0.0248
129,2013-05-10,3.7,0.0004
130,2013-05-11,3.46,0.08044445
131,2013-05-12,7.67,0.0
132,2013-05-13,7.09,0.0
133,2013-05-14,4.39,0.0
134,2013-05-15,4.05,0.0
135,2013-05-16,3.57,0.0
136,2013-05-17,3.61,0.0
137,2013-05-18,2.05,0.0004
138,2013-05-19,4.77,0.0148387095
139,2013-05-20,1.08,0.0
140,2013-05-21,5.32,0.0
141,2013-05-22,3.94,0.0
142,2013-05-23,4.77,0.10622951
143,2013-05-24,4.94,0.009607843
144,2013-05-25,9.0,0.005526316
145,2013-05-26,8.26,0.0
146,2013-05-27,3.91,0.0
147,2013-05-28,2.45,0.021818181
148,2013-05-29,1.69,0.0
149,2013-05-30,5.13,0.0
150,2013-05-31,4.05,0.0
151,2013-06-01,3.75,0.0
152,2013-06-02,6.88,0.051
153,2013-06-03,3.22,0.025576923
154,2013-06-04,5.0,0.0
155,2013-06-05,3.91,0.0
156,2013-06-06,4.93,0.003939394
157,2013-06-07,9.4,0.10746835
158,2013-06-08,4.47,0.027272727
159,2013-06-09,2.14,0.0
160,2013-06-10,6.16,0.048059702
161,2013-06-11,4.82,0.006744186
162,2013-06-12,5.36,0.0
163,2013-06-13,7.65,0.061162792
164,2013-06-14,6.38,0.020769231
165,2013-06-15,3.82,0.0
166,2013-06-16,3.9,0.0
167,2013-06-17,2.91,0.0011111111
168,2013-06-18,3.62,0.014761905
169,2013-06-19,5.31,0.0
170,2013-06-20,3.95,0.0
171,2013-06-21,5.05,0.0
172,2013-06-22,4.14,0.0
173,2013-06-23,4.67,0.0
174,2013-06-24,4.35,0.0
175,2013-06-25,3.36,0.0
176,2013-06-26,3.75,0.0018518518
177,2013-06-27,4.57,0.018055556
178,2013-06-28,5.06,0.0
179,2013-06-29,3.66,0.0
180,2013-06-30,3.35,0.0
181,2013-07-01,3.81,0.05226415
182,2013-07-02,2.75,0.0025806453
183,2013-07-03,3.61,0.016341463
184,2013-07-04,3.76,0.0
185,2013-07-05,5.0,0.0
186,2013-07-06,4.35,0.0
187,2013-07-07,4.23,0.0
188,2013-07-08,4.56,0.030344827
189,2013-07-09,3.68,0.017
190,2013-07-10,4.71,0.0
191,2013-07-11,3.84,0.0
192,2013-07-12,9.69,0.014390244
193,2013-07-13,5.25,0.002037037
194,2013-07-14,3.61,0.0
195,2013-07-15,3.46,0.0
196,2013-07-16,4.67,0.0
197,2013-07-17,3.43,0.0
198,2013-07-18,3.91,0.0
199,2013-07-19,5.06,0.0
200,2013-07-20,5.65,0.0
201,2013-07-21,4.89,0.0
202,2013-07-22,4.91,0.0022222223
203,2013-07-23,4.02,0.016521739
204,2013-07-24,4.45,0.0
205,2013-07-25,8.9,0.00033333333
206,2013-07-26,5.39,0.0
207,2013-07-27,3.43,0.0
208,2013-07-28,2.48,0.012222222
209,2013-07-29,3.59,0.00032258066
210,2013-07-30,3.96,0.0
211,2013-07-31,2.75,0.0
212,2013-08-01,3.33,0.032962963
213,2013-08-02,3.59,0.0
214,2013-08-03,3.76,0.0024
215,2013-08-04,5.17,0.0
216,2013-08-05,3.38,0.0
217,2013-08-06,2.64,0.0
218,2013-08-07,4.71,0.0
219,2013-08-08,4.36,0.027777778
220,2013-08-09,4.11,0.0016129032
221,2013-08-10,4.9,0.0
222,2013-08-11,2.43,0.0
223,2013-08-12,1.88,0.005185185
224,2013-08-13,2.61,0.043414634
225,2013-08-14,6.08,0.0
226,2013-08-15,3.5,0.0
227,2013-08-16,1.83,0.0
228,2013-08-17,1.92,0.0
229,2013-08-18,2.92,0.0
230,2013-08-19,3.39,0.0
231,2013-08-20,2.88,0.0
232,2013-08-21,2.35,0.0
233,2013-08-22,3.84,0.017179487
234,2013-08-23,5.54,0.0
235,2013-08-24,4.87,0.0
236,2013-08-25,4.05,0.0
237,2013-08-26,5.8,0.0016
238,2013-08-27,4.86,0.00032258066
239,2013-08-28,2.91,0.021489361
240,2013-08-29,5.18,0.0
241,2013-08-30,4.4,0.0
242,2013-08-31,4.67,0.0
243,2013-09-01,2.39,0.0
244,2013-09-02,0.98,0.0030232558
245,2013-09-03,3.11,0.0015384615
246,2013-09-04,5.5,0.0
247,2013-09-05,5.61,0.0
248,2013-09-06,3.61,0.0
249,2013-09-07,3.5,0.0
250,2013-09-08,6.36,0.0
251,2013-09-09,4.27,0.0
252,2013-09-10,5.4,0.00028571428
253,2013-09-11,4.5,0.0
254,2013-09-12,4.48,0.055135135
255,2013-09-13,5.0,0.0024
256,2013-09-14,4.7,0.0
257,2013-09-15,3.91,0.0
258,2013-09-16,5.0,0.0011111111
259,2013-09-17,4.57,0.0
260,2013-09-18,2.57,0.0
261,2013-09-19,2.43,0.0
262,2013-09-20,3.22,0.0
263,2013-09-21,4.58,0.054285713
264,2013-09-22,5.16,0.03727273
265,2013-09-23,4.05,0.0
266,2013-09-24,4.04,0.0
267,2013-09-25,1.79,0.0
268,2013-09-26,4.03,0.0
269,2013-09-27,4.52,0.0
270,2013-09-28,4.46,0.0
271,2013-09-29,3.1,0.0
272,2013-09-30,3.25,0.0
273,2013-10-01,2.04,0.0
274,2013-10-02,4.08,0.0
275,2013-10-03,1.46,0.0
276,2013-10-04,2.88,0.0
277,2013-10-05,3.35,0.0
278,2013-10-06,5.42,0.0
279,2013-10-07,5.74,0.0076
280,2013-10-08,6.04,0.0
281,2013-10-09,8.58,0.0
282,2013-10-10,9.12,0.0
283,2013-10-11,9.43,0.0020930232
284,2013-10-12,10.9,0.0
285,2013-10-13,8.35,0.0
286,2013-10-14,2.6,0.0
287,2013-10-15,2.71,0.0
288,2013-10-16,3.23,0.0
289,2013-10-17,2.27,0.00052631577
290,2013-10-18,6.92,0.0
291,2013-10-19,3.28,0.000625
292,2013-10-20,5.5,0.0
293,2013-10-21,3.95,0.0
294,2013-10-22,4.57,0.0
295,2013-10-23,4.43,0.0
296,2013-10-24,6.7,0.0
297,2013-10-25,5.09,0.0
298,2013-10-26,6.41,0.0
299,2013-10-27,5.19,0.0
300,2013-10-28,4.35,0.0
301,2013-10-29,5.12,0.0
302,2013-10-30,2.06,0.0
303,2013-10-31,3.41,0.0027027028
304,2013-11-01,6.04,0.0068965517
305,2013-11-02,3.82,0.0
306,2013-11-03,6.32,0.0
307,2013-11-04,6.5,0.0
308,2013-11-05,4.18,0.0
309,2013-11-06,3.21,0.0
310,2013-11-07,6.17,0.007804878
311,2013-11-08,8.65,0.0
312,2013-11-09,5.04,0.0
313,2013-11-10,7.74,0.0
314,2013-11-11,6.5,0.0
315,2013-11-12,6.5,0.00125
316,2013-11-13,6.0,0.0
317,2013-11-14,8.1,0.0
318,2013-11-15,4.57,0.0
319,2013-11-16,2.58,0.0018518518
320,2013-11-17,3.7,0.0016981132
321,2013-11-18,7.15,0.015675675
322,2013-11-19,9.25,0.0
323,2013-11-20,6.91,0.0
324,2013-11-21,4.38,0.0
325,2013-11-22,6.3,0.0029411765
326,2013-11-23,9.24,0.0
327,2013-11-24,12.08,0.0
328,2013-11-25,5.95,0.0
329,2013-11-26,4.87,0.0234375
330,2013-11-27,8.93,0.06474576
331,2013-11-28,7.13,0.0
332,2013-11-29,3.83,0.0
333,2013-11-30,5.2,0.0
334,2013-12-01,1.41,0.0
335,2013-12-02,2.92,0.0
336,2013-12-03,3.0,0.0
337,2013-12-04,2.68,0.0
338,2013-12-05,2.1,0.00023255814
339,2013-12-06,6.2,0.027254902
340,2013-12-07,6.06,0.004166667
341,2013-12-08,6.33,0.00375
342,2013-12-09,7.29,0.013673469
343,2013-12-10,5.51,0.0080851065
344,2013-12-11,7.52,0.0
345,2013-12-12,7.36,0.0
346,2013-12-13,5.55,0.0
347,2013-12-14,10.75,0.022280702
348,2013-12-15,9.02,0.040222224
349,2013-12-16,7.7,0.0
350,2013-12-17,6.24,0.0075438595
351,2013-12-18,6.46,0.0
352,2013-12-19,5.09,0.0
353,2013-12-20,5.04,0.0
354,2013-12-21,7.86,0.0004
355,2013-12-22,5.41,0.0
356,2013-12-23,5.16,0.019795919
357,2013-12-24,8.19,0.0
358,2013-12-25,4.52,0.0
359,2013-12-26,4.61,0.0
360,2013-12-27,5.84,0.0
361,2013-12-28,7.09,0.0
362,2013-12-29,7.9,0.06489796
363,2013-12-30,6.42,0.0
364,2013-12-31,5.71,0.0
0,2014-01-01,5.64,0.0
1,2014-01-02,12.73,0.01
2,2014-01-03,10.54,0.0086842105
3,2014-01-04,4.4,0.0
4,2014-01-05,3.77,0.0056603774
5,2014-01-06,8.05,0.0070588235
6,2014-01-07,13.08,0.0
7,2014-01-08,7.23,0.0
8,2014-01-09,2.86,0.0
9,2014-01-10,3.07,0.04559322
10,2014-01-11,6.55,0.01115942
11,2014-01-12,8.14,0.0058064517
12,2014-01-13,5.0,0.0
13,2014-01-14,4.96,0.016666668
14,2014-01-15,3.0,0.0
15,2014-01-16,5.0,0.0
16,2014-01-17,,0.0
17,2014-01-18,,0.0
18,2014-01-19,,0.0
19,2014-01-20,,0.0
20,2014-01-21,,0.0
21,2014-01-22,,0.0
22,2014-01-23,,0.0
23,2014-01-24,,0.0
24,2014-01-25,7.0,0.0016666667
25,2014-01-26,7.32,0.0
26,2014-01-27,8.17,0.0
27,2014-01-28,6.05,0.0
28,2014-01-29,6.48,0.0016
29,2014-01-30,4.12,0.0
30,2014-01-31,5.08,0.0
31,2014-02-01,3.57,0.0
32,2014-02-02,2.96,0.0
33,2014-02-03,6.53,0.023877552
34,2014-02-04,2.47,0.0
35,2014-02-05,8.18,0.023442622
36,2014-02-06,5.53,0.0
37,2014-02-07,6.82,0.0
38,2014-02-08,5.0,0.0
39,2014-02-09,3.72,0.003409091
40,2014-02-10,7.23,0.0
41,2014-02-11,5.26,0.0
42,2014-02-12,5.89,0.0
43,2014-02-13,12.23,0.05581818
44,2014-02-14,10.23,0.012368421
45,2014-02-15,9.03,0.0045
46,2014-02-16,8.88,0.0
47,2014-02-17,5.3,0.0
48,2014-02-18,4.92,0.0065789474
49,2014-02-19,4.94,0.011176471
50,2014-02-20,5.18,0.0014705883
51,2014-02-21,7.04,0.0006382979
52,2014-02-22,7.32,0.0
53,2014-02-23,5.38,0.0
54,2014-02-24,9.26,0.0
55,2014-02-25,7.0,0.0
56,2014-02-26,5.0,0.0028571428
57,2014-02-27,8.33,0.0
58,2014-02-28,4.61,0.0
59,2014-03-01,4.42,0.0
60,2014-03-02,3.77,0.0
61,2014-03-03,7.31,0.0013333333
62,2014-03-04,4.61,0.0
63,2014-03-05,4.96,0.0
64,2014-03-06,8.43,0.0
65,2014-03-07,7.86,0.0
66,2014-03-08,5.29,0.0
67,2014-03-09,6.27,0.0
68,2014-03-10,5.64,0.0
69,2014-03-11,4.74,0.0
70,2014-03-12,5.61,0.019285714
71,2014-03-13,14.0,0.0
72,2014-03-14,5.54,0.0
73,2014-03-15,8.91,0.0
74,2014-03-16,7.62,0.0
75,2014-03-17,8.04,0.0
76,2014-03-18,7.08,0.0
77,2014-03-19,7.02,0.06363636
78,2014-03-20,6.34,0.0
79,2014-03-21,7.48,0.0
80,2014-03-22,6.92,0.0
81,2014-03-23,7.3,0.0
82,2014-03-24,6.65,0.0
83,2014-03-25,5.88,0.0
84,2014-03-26,11.95,0.0
85,2014-03-27,6.74,0.0
86,2014-03-28,5.46,0.0006451613
87,2014-03-29,11.91,0.061666667
88,2014-03-30,9.22,0.024651162
89,2014-03-31,8.76,0.0058333334
90,2014-04-01,4.88,0.0
91,2014-04-02,1.88,0.0
92,2014-04-03,3.79,0.0028
93,2014-04-04,8.29,0.01
94,2014-04-05,7.85,0.0
95,2014-04-06,4.13,0.0
96,2014-04-07,7.12,0.025333334
97,2014-04-08,5.1,0.007906977
98,2014-04-09,6.91,0.0
99,2014-04-10,6.96,0.0
100,2014-04-11,6.04,0.0
101,2014-04-12,4.19,0.0
102,2014-04-13,5.78,0.0
103,2014-04-14,7.38,0.0
104,2014-04-15,9.1,0.02546875
105,2014-04-16,7.5,0.002
106,2014-04-17,7.78,0.0
107,2014-04-18,5.43,0.0
108,2014-04-19,5.42,0.0
109,2014-04-20,6.08,0.0
110,2014-04-21,4.29,0.0
111,2014-04-22,5.46,0.0004
112,2014-04-23,8.5,0.0
113,2014-04-24,8.48,0.0
114,2014-04-25,4.86,0.0008
115,2014-04-26,5.42,0.058478262
116,2014-04-27,5.86,0.0
117,2014-04-28,4.18,0.0
118,2014-04-29,9.0,0.001
119,2014-04-30,8.09,0.13083333
120,2014-05-01,4.98,0.004375
121,2014-05-02,4.41,0.0
122,2014-05-03,3.56,0.006666667
123,2014-05-04,8.21,0.0008
124,2014-05-05,7.24,0.0
125,2014-05-06,3.96,0.0
126,2014-05-07,3.87,0.0
127,2014-05-08,4.12,0.016538462
128,2014-05-09,2.76,0.002264151
129,2014-05-10,3.89,0.018333333
130,2014-05-11,3.15,0.0012
131,2014-05-12,1.83,0.0
132,2014-05-13,7.38,0.0
133,2014-05-14,5.12,0.00028571428
134,2014-05-15,4.53,0.007884615
135,2014-05-16,6.82,0.05682927
136,2014-05-17,5.05,0.0
137,2014-05-18,5.73,0.0
138,2014-05-19,4.62,0.0
139,2014-05-20,3.19,0.0
140,2014-05-21,2.45,0.0
141,2014-05-22,3.05,0.0057142857
142,2014-05-23,4.18,0.03526316
143,2014-05-24,3.19,0.021086957
144,2014-05-25,2.04,0.0
145,2014-05-26,4.81,0.0
146,2014-05-27,4.17,0.0
147,2014-05-28,7.7,0.0
148,2014-05-29,4.71,0.0
149,2014-05-30,2.35,0.0
150,2014-05-31,5.62,0.0039285715
151,2014-06-01,3.61,0.0
152,2014-06-02,4.48,0.0
153,2014-06-03,3.79,0.008857143
154,2014-06-04,4.12,0.0
155,2014-06-05,6.04,0.049642857
156,2014-06-06,4.58,0.0
157,2014-06-07,2.74,0.0
158,2014-06-08,2.86,0.0
159,2014-06-09,3.71,0.05313433
160,2014-06-10,3.74,0.0
161,2014-06-11,7.63,0.0005
162,2014-06-12,5.52,0.0029787235
163,2014-06-13,3.3,0.06174603
164,2014-06-14,3.53,0.0
165,2014-06-15,4.17,0.0
166,2014-06-16,2.83,0.0
167,2014-06-17,4.14,0.0
168,2014-06-18,5.9,0.0
169,2014-06-19,3.7,0.01
170,2014-06-20,4.41,0.0
171,2014-06-21,4.83,0.0
172,2014-06-22,1.96,0.0
173,2014-06-23,2.62,0.0
174,2014-06-24,5.1,0.0
175,2014-06-25,5.16,0.0052941176
176,2014-06-26,4.24,0.0018421053
177,2014-06-27,3.04,0.0
178,2014-06-28,2.96,0.0
179,2014-06-29,2.7,0.0
180,2014-06-30,2.76,0.0
181,2014-07-01,5.2,0.0
182,2014-07-02,4.55,0.050277777
183,2014-07-03,3.02,0.09627451
184,2014-07-04,4.4,0.0041304347
185,2014-07-05,6.78,0.0
186,2014-07-06,4.9,0.0
187,2014-07-07,5.71,0.0015384615
188,2014-07-08,4.29,0.059310343
189,2014-07-09,4.32,0.012413793
190,2014-07-10,2.91,0.0
191,2014-07-11,4.08,0.0
192,2014-07-12,3.23,0.0
193,2014-07-13,5.0,0.0032142857
194,2014-07-14,2.95,0.021960784
195,2014-07-15,2.1,0.047666665
196,2014-07-16,2.95,0.0
197,2014-07-17,4.12,0.0
198,2014-07-18,4.22,0.0
199,2014-07-19,5.25,0.0
200,2014-07-20,3.92,0.0
201,2014-07-21,1.64,0.0
202,2014-07-22,3.78,0.0
203,2014-07-23,5.16,0.010357142
204,2014-07-24,5.0,0.0
205,2014-07-25,4.6,0.0
206,2014-07-26,4.0,0.0
207,2014-07-27,3.33,0.0006896552
208,2014-07-28,6.12,0.0072972975
209,2014-07-29,4.96,0.0
210,2014-07-30,2.88,0.0
211,2014-07-31,3.25,0.0
212,2014-08-01,3.62,0.0
213,2014-08-02,6.46,0.021578947
214,2014-08-03,2.67,0.003018868
215,2014-08-04,3.23,0.0
216,2014-08-05,2.4,0.0
217,2014-08-06,2.91,0.0
218,2014-08-07,4.17,0.0
219,2014-08-08,3.08,0.0
220,2014-08-09,2.88,0.0
221,2014-08-10,2.88,0.0
222,2014-08-11,3.05,0.0
223,2014-08-12,6.24,0.0074
224,2014-08-13,5.64,0.015510204
225,2014-08-14,4.57,0.0
226,2014-08-15,5.26,0.0
227,2014-08-16,4.0,0.0
228,2014-08-17,3.57,0.0004
229,2014-08-18,4.48,0.0
230,2014-08-19,3.79,0.0
231,2014-08-20,2.14,0.0
232,2014-08-21,3.19,0.02483871
233,2014-08-22,4.82,0.0017647059
234,2014-08-23,4.88,0.0003030303
235,2014-08-24,3.18,0.0
236,2014-08-25,2.62,0.0
237,2014-08-26,2.17,0.0
238,2014-08-27,3.21,0.0
239,2014-08-28,5.48,0.0
240,2014-08-29,3.24,0.0
241,2014-08-30,2.39,0.0
242,2014-08-31,3.25,0.01925
243,2014-09-01,2.96,0.0
244,2014-09-02,5.22,0.0
245,2014-09-03,3.36,0.0
246,2014-09-04,2.71,0.0
247,2014-09-05,2.79,0.0
248,2014-09-06,4.97,0.005
249,2014-09-07,4.56,0.0
250,2014-09-08,7.75,0.0
251,2014-09-09,8.13,0.0
252,2014-09-10,5.5,0.0
253,2014-09-11,4.57,0.0
254,2014-09-12,5.07,0.0
255,2014-09-13,4.24,0.011935484
256,2014-09-14,3.62,0.0
257,2014-09-15,2.96,0.0
258,2014-09-16,2.18,0.022391304
259,2014-09-17,2.71,0.0
260,2014-09-18,2.54,0.0
261,2014-09-19,7.73,0.0
262,2014-09-20,3.14,0.0
263,2014-09-21,1.32,0.0077586207
264,2014-09-22,6.56,0.0
265,2014-09-23,1.86,0.0
266,2014-09-24,5.62,0.0
267,2014-09-25,8.12,0.015588235
268,2014-09-26,4.38,0.0
269,2014-09-27,2.5,0.0
270,2014-09-28,1.7,0.0
271,2014-09-29,0.71,0.0
272,2014-09-30,5.41,0.0
273,2014-10-01,5.95,0.0006976744
274,2014-10-02,4.83,0.0
275,2014-10-03,4.04,0.0
276,2014-10-04,5.1,0.03754717
277,2014-10-05,5.54,0.0
278,2014-10-06,3.86,0.0
279,2014-10-07,4.67,0.0023076923
280,2014-10-08,6.59,0.0017647059
281,2014-10-09,5.57,0.0
282,2014-10-10,2.25,0.0
283,2014-10-11,4.93,0.016888889
284,2014-10-12,2.67,0.0
285,2014-10-13,2.35,0.0025641026
286,2014-10-14,4.87,0.0
287,2014-10-15,5.22,0.030588236
288,2014-10-16,3.88,0.036
289,2014-10-17,4.58,0.0
290,2014-10-18,6.27,0.0
291,2014-10-19,7.7,0.0
292,2014-10-20,3.95,0.0
293,2014-10-21,4.15,0.0076190475
294,2014-10-22,8.44,0.054464284
295,2014-10-23,7.0,0.021627907
296,2014-10-24,4.62,0.0
297,2014-10-25,5.64,0.0004
298,2014-10-26,7.86,0.0
299,2014-10-27,5.24,0.0
300,2014-10-28,2.83,0.0
301,2014-10-29,4.81,0.0
302,2014-10-30,3.52,0.0
303,2014-10-31,6.69,0.0017857143
304,2014-11-01,9.04,0.011428571
305,2014-11-02,10.83,0.0
306,2014-11-03,5.95,0.0
307,2014-11-04,4.74,0.0
308,2014-11-05,4.55,0.0
309,2014-11-06,3.52,0.011111111
310,2014-11-07,7.26,0.0
311,2014-11-08,6.09,0.0
312,2014-11-09,2.75,0.0
313,2014-11-10,2.43,0.0
314,2014-11-11,3.05,0.0
315,2014-11-12,2.2,0.0
316,2014-11-13,3.9,0.0090625
317,2014-11-14,6.74,0.0018181818
318,2014-11-15,3.67,0.0
319,2014-11-16,3.74,0.0012
320,2014-11-17,2.87,0.04275
321,2014-11-18,9.95,0.0
322,2014-11-19,7.05,0.0
323,2014-11-20,7.17,0.0
324,2014-11-21,7.59,0.0
325,2014-11-22,5.0,0.0
326,2014-11-23,3.75,0.0
327,2014-11-24,5.2,0.02883721
328,2014-11-25,5.09,0.0
329,2014-11-26,8.66,0.049302325
330,2014-11-27,4.63,0.0010638298
331,2014-11-28,5.83,0.0
332,2014-11-29,3.65,0.0
333,2014-11-30,4.23,0.0
334,2014-12-01,6.67,0.0033333334
335,2014-12-02,9.15,0.0034285714
336,2014-12-03,7.26,0.0013333333
337,2014-12-04,5.83,0.0
338,2014-12-05,5.35,0.027073171
339,2014-12-06,3.56,0.030149253
340,2014-12-07,11.6,0.0015384615
341,2014-12-08,11.27,0.0
342,2014-12-09,11.27,0.103018865
343,2014-12-10,8.09,0.0036170213
344,2014-12-11,7.18,0.0006451613
345,2014-12-12,7.92,0.0
346,2014-12-13,8.93,0.0
347,2014-12-14,5.77,0.0
348,2014-12-15,2.75,0.0
349,2014-12-16,3.92,0.009
350,2014-12-17,4.86,0.0010526315
351,2014-12-18,8.6,0.0
352,2014-12-19,7.16,0.0
353,2014-12-20,4.85,0.0
354,2014-12-21,5.0,0.0
355,2014-12-22,5.91,0.0011764705
356,2014-12-23,8.33,0.0055172415
357,2014-12-24,5.03,0.03
358,2014-12-25,8.4,0.0046875
359,2014-12-26,6.0,0.0
360,2014-12-27,4.29,0.0
361,2014-12-28,5.42,0.0055555557
362,2014-12-29,5.29,0.0
363,2014-12-30,4.33,0.0
364,2014-12-31,5.36,0.0
0,2015-01-01,6.87,0.0
1,2015-01-02,7.05,0.0
2,2015-01-03,6.69,0.025666667
3,2015-01-04,5.06,0.010576923
4,2015-01-05,10.41,0.0
5,2015-01-06,4.03,0.0019047619
6,2015-01-07,12.68,0.0
7,2015-01-08,8.73,0.0
8,2015-01-09,8.55,0.0069444445
9,2015-01-10,7.96,0.0
10,2015-01-11,6.04,0.0
11,2015-01-12,3.42,0.016226415
12,2015-01-13,8.36,0.0
13,2015-01-14,6.45,0.0
14,2015-01-15,4.77,0.0
15,2015-01-16,9.68,0.0
16,2015-01-17,6.04,0.0
17,2015-01-18,3.12,0.06716666
18,2015-01-19,7.61,0.0
19,2015-01-20,5.78,0.0
20,2015-01-21,4.38,0.0
21,2015-01-22,3.86,0.0
22,2015-01-23,5.77,0.0
23,2015-01-24,5.71,0.019814815
24,2015-01-25,6.29,0.0
25,2015-01-26,13.74,0.012222222
26,2015-01-27,8.75,0.012325581
27,2015-01-28,7.67,0.0
28,2015-01-29,3.74,0.0010344827
29,2015-01-30,9.13,0.0037209303
30,2015-01-31,12.18,0.0
31,2015-02-01,3.93,0.0024242424
32,2015-02-02,9.52,0.03327869
33,2015-02-03,7.23,0.0
34,2015-02-04,4.25,0.0
35,2015-02-05,8.29,0.0
36,2015-02-06,7.14,0.0
37,2015-02-07,4.2,0.00096774194
38,2015-02-08,8.79,0.0
39,2015-02-09,10.86,0.0031034483
40,2015-02-10,10.17,0.000625
41,2015-02-11,6.48,0.0
42,2015-02-12,6.9,0.0
43,2015-02-13,9.08,0.0
44,2015-02-14,5.81,0.00044444445
45,2015-02-15,13.59,0.0
46,2015-02-16,6.91,0.0
47,2015-02-17,5.56,0.0045454544
48,2015-02-18,4.45,0.0
49,2015-02-19,11.36,0.0
50,2015-02-20,10.29,0.0
51,2015-02-21,5.05,0.020952381
52,2015-02-22,2.18,0.006
53,2015-02-23,11.0,0.0
54,2015-02-24,5.88,0.0
55,2015-02-25,6.3,0.0
56,2015-02-26,7.22,0.0
57,2015-02-27,6.24,0.0
58,2015-02-28,3.68,0.0
59,2015-03-01,1.71,0.02375
60,2015-03-02,7.1,0.0
61,2015-03-03,5.59,0.032
62,2015-03-04,5.54,0.011219512
63,2015-03-05,5.81,0.020655738
64,2015-03-06,6.33,0.0
65,2015-03-07,5.04,0.0
66,2015-03-08,5.04,0.0
67,2015-03-09,4.65,0.0004
68,2015-03-10,3.24,0.022142857
69,2015-03-11,5.42,0.00027027028
70,2015-03-12,8.09,0.0
71,2015-03-13,6.48,0.0
72,2015-03-14,5.2,0.028
73,2015-03-15,10.72,0.0
74,2015-03-16,4.0,0.0
75,2015-03-17,9.7,0.0004
76,2015-03-18,9.41,0.0
77,2015-03-19,5.91,0.0
78,2015-03-20,8.31,0.012162162
79,2015-03-21,4.7,0.0
80,2015-03-22,7.45,0.0
81,2015-03-23,6.68,0.0
82,2015-03-24,3.88,0.0
83,2015-03-25,4.38,0.002
84,2015-03-26,3.22,0.013709677
85,2015-03-27,4.44,0.011363637
86,2015-03-28,7.92,0.0
87,2015-03-29,6.36,0.0
88,2015-03-30,7.63,0.0
89,2015-03-31,5.56,0.0085
90,2015-04-01,5.08,0.0
91,2015-04-02,6.18,0.0
92,2015-04-03,5.94,0.0013888889
93,2015-04-04,9.35,0.00029411764
94,2015-04-05,4.81,0.0
95,2015-04-06,4.33,0.0
96,2015-04-07,7.74,0.0075
97,2015-04-08,11.31,0.0
98,2015-04-09,8.73,0.0
99,2015-04-10,4.11,0.01
100,2015-04-11,8.52,0.0
101,2015-04-12,3.33,0.0
102,2015-04-13,4.74,0.0
103,2015-04-14,3.89,0.0003448276
104,2015-04-15,6.19,0.0
105,2015-04-16,6.57,0.0
106,2015-04-17,5.78,0.004705882
107,2015-04-18,4.26,0.0
108,2015-04-19,8.41,0.0
109,2015-04-20,6.95,0.045862067
110,2015-04-21,4.95,0.009047619
111,2015-04-22,6.35,0.002
112,2015-04-23,9.04,0.0
113,2015-04-24,8.53,0.0
114,2015-04-25,5.71,0.0
115,2015-04-26,5.26,0.0
116,2015-04-27,6.0,0.0
117,2015-04-28,7.78,0.0
118,2015-04-29,5.54,0.0
119,2015-04-30,7.77,0.0
120,2015-05-01,5.21,0.0
121,2015-05-02,2.77,0.0
122,2015-05-03,2.48,0.0
123,2015-05-04,5.21,0.0
124,2015-05-05,3.96,0.0
125,2015-05-06,5.08,0.0
126,2015-05-07,2.3,0.0
127,2015-05-08,2.63,0.0
128,2015-05-09,4.37,0.0
129,2015-05-10,3.17,0.0
130,2015-05-11,3.95,0.0
131,2015-05-12,4.58,0.0
132,2015-05-13,7.27,0.0
133,2015-05-14,3.91,0.0
134,2015-05-15,3.29,0.0
135,2015-05-16,2.18,0.01575
136,2015-05-17,1.89,0.0014893617
137,2015-05-18,5.5,0.0
138,2015-05-19,1.86,0.0
139,2015-05-20,6.59,0.0
140,2015-05-21,2.54,0.0
141,2015-05-22,5.96,0.0
142,2015-05-23,4.5,0.0
143,2015-05-24,3.9,0.0
144,2015-05-25,4.83,0.0
145,2015-05-26,5.25,0.0
146,2015-05-27,5.08,0.0026666666
147,2015-05-28,3.93,0.0
148,2015-05-29,4.17,0.0
149,2015-05-30,5.54,0.0
150,2015-05-31,5.48,0.07934783
151,2015-06-01,9.84,0.03717949
152,2015-06-02,6.32,0.009782609
153,2015-06-03,5.05,0.0
154,2015-06-04,5.33,0.0
155,2015-06-05,2.61,0.0075438595
156,2015-06-06,3.52,0.013255814
157,2015-06-07,3.84,0.0
158,2015-06-08,5.96,0.0024
159,2015-06-09,4.27,0.00027027028
160,2015-06-10,3.23,0.0
161,2015-06-11,4.5,0.0
162,2015-06-12,4.61,0.0
163,2015-06-13,5.39,0.0
164,2015-06-14,2.23,0.016764706
165,2015-06-15,4.52,0.026029412
166,2015-06-16,1.74,0.01425
167,2015-06-17,4.08,0.0
168,2015-06-18,3.48,0.0
169,2015-06-19,3.27,0.0
170,2015-06-20,5.69,0.0
171,2015-06-21,4.14,0.036842104
172,2015-06-22,4.96,0.0
173,2015-06-23,5.9,0.0008
174,2015-06-24,4.65,0.0
175,2015-06-25,3.17,0.0
176,2015-06-26,4.58,0.0
177,2015-06-27,8.07,0.062093023
178,2015-06-28,5.09,0.012765957
179,2015-06-29,4.86,0.0
180,2015-06-30,5.25,0.0022857143
181,2015-07-01,4.23,0.03769231
182,2015-07-02,1.12,0.0
183,2015-07-03,2.83,0.0
184,2015-07-04,3.26,0.0
185,2015-07-05,1.41,0.0
186,2015-07-06,3.04,0.0
187,2015-07-07,4.05,0.010476191
188,2015-07-08,3.17,0.0
189,2015-07-09,4.27,0.013076923
190,2015-07-10,4.69,0.0
191,2015-07-11,2.41,0.0
192,2015-07-12,1.91,0.0
193,2015-07-13,2.62,0.0
194,2015-07-14,2.82,0.04188679
195,2015-07-15,3.02,0.010666667
196,2015-07-16,5.62,0.0
197,2015-07-17,3.9,0.0
198,2015-07-18,4.5,0.015789473
199,2015-07-19,3.08,0.0
200,2015-07-20,4.62,0.0
201,2015-07-21,2.5,0.0
202,2015-07-22,5.96,0.0
203,2015-07-23,3.71,0.0
204,2015-07-24,2.17,0.0
205,2015-07-25,3.26,0.0
206,2015-07-26,4.62,0.0
207,2015-07-27,2.72,0.023225807
208,2015-07-28,2.65,0.0
209,2015-07-29,3.74,0.0
210,2015-07-30,3.36,0.07711539
211,2015-07-31,3.32,0.0
212,2015-08-01,4.33,0.0
213,2015-08-02,2.05,0.0
214,2015-08-03,4.95,0.0
215,2015-08-04,5.3,0.060967743
216,2015-08-05,2.85,0.0
217,2015-08-06,2.23,0.0
218,2015-08-07,5.33,0.0
219,2015-08-08,3.92,0.0
220,2015-08-09,3.83,0.0
221,2015-08-10,4.03,0.0
222,2015-08-11,4.47,0.07518519
223,2015-08-12,4.57,0.0
224,2015-08-13,3.18,0.0
225,2015-08-14,2.86,0.0
226,2015-08-15,3.3,0.0
227,2015-08-16,1.5,0.0
228,2015-08-17,3.29,0.0
229,2015-08-18,3.79,0.013548387
230,2015-08-19,3.79,0.0
231,2015-08-20,5.0,0.00022727273
232,2015-08-21,4.19,0.011794872
233,2015-08-22,4.46,0.0
234,2015-08-23,4.07,0.0
235,2015-08-24,2.38,0.0
236,2015-08-25,3.86,0.0
237,2015-08-26,3.91,0.0
238,2015-08-27,3.23,0.0
239,2015-08-28,2.35,0.0
240,2015-08-29,1.96,0.0
241,2015-08-30,4.4,0.0129629625
242,2015-08-31,4.39,0.0
243,2015-09-01,2.29,0.0
244,2015-09-02,1.57,0.0
245,2015-09-03,2.13,0.0
246,2015-09-04,7.15,0.0
247,2015-09-05,4.41,0.0
248,2015-09-06,1.29,0.0
249,2015-09-07,4.3,0.0
250,2015-09-08,4.65,0.0
251,2015-09-09,3.24,0.0
252,2015-09-10,5.86,0.044
253,2015-09-11,5.43,0.0
254,2015-09-12,4.16,0.021951219
255,2015-09-13,5.73,0.0025641026
256,2015-09-14,6.48,0.0
257,2015-09-15,2.17,0.0
258,2015-09-16,1.39,0.0
259,2015-09-17,2.29,0.0
260,2015-09-18,2.08,0.0
261,2015-09-19,2.45,0.0
262,2015-09-20,6.97,0.0
263,2015-09-21,7.58,0.0
264,2015-09-22,7.37,0.0
265,2015-09-23,2.88,0.0
266,2015-09-24,4.29,0.0
267,2015-09-25,6.29,0.0
268,2015-09-26,6.04,0.0
269,2015-09-27,4.5,0.0
270,2015-09-28,3.14,0.0
271,2015-09-29,1.98,0.0059183673
272,2015-09-30,7.3,0.04588235
273,2015-10-01,8.57,0.0029032258
274,2015-10-02,12.75,0.04222222
275,2015-10-03,12.05,0.016578948
276,2015-10-04,10.64,0.0
277,2015-10-05,6.43,0.0
278,2015-10-06,1.62,0.0
279,2015-10-07,2.79,0.0
280,2015-10-08,3.38,0.0
281,2015-10-09,4.62,0.05837838
282,2015-10-10,2.39,0.0
283,2015-10-11,3.74,0.0
284,2015-10-12,3.83,0.0
285,2015-10-13,3.52,0.00037037037
286,2015-10-14,3.91,0.0
287,2015-10-15,4.09,0.0
288,2015-10-16,5.43,0.0
289,2015-10-17,5.9,0.0
290,2015-10-18,4.91,0.0
291,2015-10-19,3.77,0.0
292,2015-10-20,6.11,0.0
293,2015-10-21,2.35,0.0
294,2015-10-22,4.74,0.0
295,2015-10-23,6.73,0.0
296,2015-10-24,4.35,0.0
297,2015-10-25,4.83,0.003888889
298,2015-10-26,3.88,0.0
299,2015-10-27,4.33,0.0
300,2015-10-28,6.91,0.046190478
301,2015-10-29,6.56,0.0013793104
302,2015-10-30,6.0,0.0
303,2015-10-31,3.0,0.0
304,2015-11-01,5.09,0.0
305,2015-11-02,2.04,0.0
306,2015-11-03,2.48,0.0
307,2015-11-04,2.46,0.0
308,2015-11-05,2.16,0.000625
309,2015-11-06,4.7,0.0
310,2015-11-07,4.32,0.0
311,2015-11-08,3.55,0.0
312,2015-11-09,1.92,0.0
313,2015-11-10,10.0,0.012
314,2015-11-11,4.71,0.02375
315,2015-11-12,5.28,0.00025
316,2015-11-13,10.76,0.0
317,2015-11-14,7.86,0.0
318,2015-11-15,4.74,0.0
319,2015-11-16,4.09,0.0
320,2015-11-17,6.29,0.0
321,2015-11-18,5.43,0.0
322,2015-11-19,5.84,0.051914893
323,2015-11-20,5.83,0.0
324,2015-11-21,6.37,0.0
325,2015-11-22,5.92,0.001875
326,2015-11-23,5.71,0.0
327,2015-11-24,3.91,0.0
328,2015-11-25,2.75,0.0
329,2015-11-26,2.96,0.0
330,2015-11-27,4.29,0.0
331,2015-11-28,,0.0
332,2015-11-29,,0.0
333,2015-11-30,6.5,0.0
334,2015-12-01,6.97,0.011764706
335,2015-12-02,2.58,0.00375
336,2015-12-03,8.22,0.0
337,2015-12-04,4.25,0.0
338,2015-12-05,2.08,0.0
339,2015-12-06,3.32,0.0
340,2015-12-07,3.74,0.0
341,2015-12-08,4.55,0.0
342,2015-12-09,4.67,0.0
343,2015-12-10,4.22,0.0
344,2015-12-11,4.64,0.0
345,2015-12-12,1.88,0.0
346,2015-12-13,3.63,0.0
347,2015-12-14,4.12,0.012653061
348,2015-12-15,10.23,0.0064285714
349,2015-12-16,4.22,0.0014285714
350,2015-12-17,4.24,0.044285715
351,2015-12-18,6.66,0.0
352,2015-12-19,9.27,0.0
353,2015-12-20,5.95,0.0
354,2015-12-21,7.29,0.0
355,2015-12-22,4.92,0.01
356,2015-12-23,4.57,0.067058824
357,2015-12-24,5.03,0.00052631577
358,2015-12-25,0.86,0.00027777778
359,2015-12-26,7.7,0.0
360,2015-12-27,4.91,0.0035416668
361,2015-12-28,8.21,0.0011538462
362,2015-12-29,7.79,0.019375
363,2015-12-30,4.18,0.0074358974
364,2015-12-31,4.74,0.0022857143
